"coffee_name","agtron_wb","roast_level","price_per_kg_usd"
"Colombia Pink Bourbon",64,"Light",120
"Kenya Kiambu Mandela Estate AA Washed Process",60,"Medium-Light",50.793650793650784
"Costa Rica Volcán Azul Geisha Yeast-Washed",62,"Light",115.2
"Ethiopia Yirgacheffe Adame G1 Natural",63,"Light",80.02645502645501
"Kenya Gichathaini",64,"Light",73.48834474852288
"Guatemala Retiro del Quisaya Natural Process",59,"Medium-Light",55.704165319380344
"Ethiopia Sidama Karamo Anaerobic Natural",62,"Medium-Light",102.88368264793205
"Colombia Geiner Montano",62,"Medium-Light",72.01857785355243
"Kabiufa Papua New Guinea",58,"Medium-Light",58.79067579881831
"Ka‘u Red Catuai Peaberry",59,"Medium-Light",264.55026455026456
"Ethiopia Kayon Mountain",64,"Light",61.58323289926217
"Panama Finca Las Nubes Geisha Microlot",60,"Medium-Light",66.13756613756614
"Guatemala El Milagro Bourbon Especial",60,"Medium-Light",82.30694611834564
"Costa Rica William Mora",65,"Light",82.30694611834564
"Ethiopia Duromina Agaro Gera",62,"Light",49.97207442899556
"Winter 2022 Allocation Colombia",62,"Light",293.9447383891828
"Laura’s Reserve SL34",60,"Medium-Light",308.4215167548501
"El Salvador 2022 COE#17 El Mirador Washed Gesha",58,"Medium-Light",145.5026455026455
"Panama ABU Washed Gesha Lot GW57",64,"Light",291.005291005291
"Guatemala Natural El General Bistro Lot Espresso",58,"Medium-Light",42.195767195767196
"Ethiopia 2022 COE#25 Natural Tadesse 74112",65,"Light",130.95238095238093
"Ethiopia Washed Sidama Rumudamo",64,"Light",56.74603174603174
"Lemon Sugar Wash",59,"Medium-Light",80.66666666666666
"Kenya Kiambu AA",60,"Medium-Light",95.33333333333333
"Colombia Geisha Allium",62,"Light",286.59611992945327
"Wilton Benitez Orange Bourbon",60,"Light",83.7742504409171
"Kayon Mountain Ethiopia",58,"Medium-Light",52.91160821893648
"Ethiopia Kochere Arefasa Washed G1",62,"Light",72.68722466960352
"Colombia Granja Paraíso Java P14",64,"Light",440.9171075837742
"El Salvador Finca El Retiro Sudan Rume Natural",62,"Medium-Light",69.56521739130434
"Ethiopia Hayissa Olocho Lot 6",61,"Light",95.23809523809523
"Nyeri Hill Kenya",58,"Medium-Light",64.66974337870015
"Ethiopia COE #8 Sidama Arbegona Muluneh Tute Galcho 74158 Natural",63,"Light",280.5
"Chelbessa Ethiopia",60,"Medium-Light",58.79067579881831
"Ka’u Tropical Punch",60,"Medium-Light",220.4585537918871
"Ethiopia Gesha Village Illubabor Forest Lot 22/043 (Single-Terroir) Natural Process",64,"Light",98.7
"Ethiopia Gera Genji Challa",59,"Medium-Light",82.30694611834564
"Kenya Gotomboya Peaberry",59,"Medium-Light",79.36741232840473
"Panama Hartmann Estate Chicho Gallo Amaro Gayo Natural BOP#1",60,"Medium-Light",181.2
"Kenya Ichamama",59,"Medium-Light",82.30694611834564
"Ethiopia Uchoro Nansebo Washed",60,"Light",79.36741232840473
"Nekisse Phantom Roasting",64,"Light",550.3333333333334
"Colombia Finca Samboni Gesha Anaerobic Natural",62,"Medium-Light",88.18601369822746
"Kambera Inari Roasting",62,"Light",448.73333333333335
"Colombia Don Correa Gesha",62,"Light",96.85763837855318
"Ethiopia BergWu Maker Series Yirgacheffe Wuri G1 Lot MW21/02",62,"Medium-Light",81.30000000000001
"Mexico Finca Santa Cruz COE#1b",64,"Light",632.5
"Wilton Benitez Geisha",59,"Medium-Light",110.22927689594356
"Colombia Cerro Azul Geisha",62,"Light",260.14109347442684
"Yirgacheffe Mengesha Natural",60,"Medium-Light",60.26044269378877
"Panama Geisha Finca Debra Symbiosis",62,"Light",396.8253968253968
"Panama Geisha Finca Debra Echo",64,"Light",200
"Ethiopia Hamasho Washed",62,"Light",73.48834474852288
"Ethiopia Idido Anaerobic Natural",61,"Medium-Light",117.57789535567314
"Mexico Cup of Excellence #7",62,"Light",117.58135159763663
"Ethiopia Reko Yirgacheffe",60,"Medium-Light",69.0790440636115
"Double-Anaerobic Fermentation Tamiru Tadesse",62,"Light",141.09347442680775
"Ethiopia Chelbesa Danche Yirgacheffe",60,"Medium-Light",70.54881095858197
"Ethiopia Honey Process Tamiru Tadesse",64,"Light",123.45679012345678
"Ethiopia Halo Beriti",60,"Medium-Light",61.58323289926217
"Narsha Gesha",63,"Light",175
"Ethiopia Washed Guji Uraga Welichu",58,"Medium-Light",54.58553791887125
"Don Roger & Isabel’s Natural Fruit Symphony",60,"Medium-Light",108.57142857142857
"Kenya Gitare AA TOP",62,"Light",49.47089947089947
"Yemen Natural Sana’a Manakhah Ja’adi",58,"Medium-Light",261.90476190476187
"Ethiopia Bench Maji Gesha Special Natural Lot 03",64,"Light",58.201058201058196
"Ethiopia Yirgacheffe Kochere Debo Premium Lot Washed Process",62,"Light",66.7989417989418
"Ethiopia Natural Yirgacheffe Burtukaana Danche",60,"Medium-Light",50.925925925925924
"Ethiopia Hateso Guji Washed",59,"Medium-Light",58.79067579881831
"Guatemala El Injerto Pacamara",58,"Medium-Light",129.33568489124045
"Colombia Finca Samboni Gesha Anaerobic Natural",62,"Light",132.2790205473412
"Colombia Tres Dragones",64,"Light",81.12874779541445
"Rwanda Cyesha Natural",58,"Medium-Light",76.4278785384638
"Espresso No. 3",54,"Medium-Light",58.79067579881831
"Finca Santa Isabel",58,"Medium-Light",38.2139392692319
"Colombia Castillo Fruit Maceration Series (Passionfruit)",58,"Medium-Light",110.22927689594356
"Colombia Castillo Fruit Maceration Series (Strawberry)",61,"Medium-Light",110.22927689594356
"Colombia Castillo Fruit Maceration Series (Peach)",60,"Medium-Light",110.22927689594356
"Full Moon Espresso",48,"Medium",90.75
"Ethiopia Sidama Tamiru Tadesse Anaerobic Natural Special Auction Lot",62,"Light",88.18342151675485
"Colombia La Esperanza 100% Geisha Hanashaku",65,"Light",145.5026455026455
"Kona Extra Fancy",58,"Medium-Light",135.1891589993827
"Costa Rica Las Lajas Perla Negra",57,"Medium-Light",55.704165319380344
"Ecuador COE 1st place Arashi Typica Mejorado Washed",62,"Light",1319.9999999999998
"Ethiopia Getu Kurume Natural",64,"Light",66.93121693121692
"Fruit of the Goddess Espresso Blend",52,"Medium-Light",39.97797356828193
"Papua New Guinea Wahgi Valley Sigri Estate Peaberry",57,"Medium-Light",79.95594713656386
"Kenya Nyeri Asali Peaberry",60,"Medium-Light",72.68722466960352
"Ethiopia Gera Estate Anaerobic Natural",60,"Medium-Light",64.66974337870015
"Colombia Cauca Finca El Paraiso Double-Anaerobic Flor Lychee",60,"Medium-Light",85.8
"Memories of Autumn",64,"Light",58.06878306878307
"Costa Rica Cerro Dragon Geisha Honey",59,"Medium-Light",88.18601369822746
"Guatemala Washed El Injerto EI05 Mocca",61,"Light",349.20634920634916
"Taiwan Natural Alishan Zhuo-Wu Geisha",60,"Medium-Light",396
"Ethiopia Natural Guji Uraga Tome 74110 Lot K06",63,"Light",47.31040564373898
"Kenya Gathaithi AA",58,"Medium-Light",56
"Ethiopia Guji Uraga Tobutu Tuta G1 Experimental LOT 181NA2021",72,"Light",125
"Colombia Jardines del Eden Pink Bourbon Wine Yeast Honey",64,"Light",88.08
"Colombia Cerro Azul Enano",60,"Medium-Light",76.4278785384638
"Peru Incahuasi",58,"Medium-Light",76.4278785384638
"Reina de la Asuncion Ecuador",58,"Medium-Light",58.79067579881831
"Ethiopia Guji Uraga More Floral Kudume Washed",65,"Light",90.75
"Ethiopia Guji Uraga More Floral Kudume Natural",62,"Medium-Light",90.75
"Kenya Nyeri Hill",60,"Medium-Light",64.5227666892031
"Kenya AA TOP Nairobi Rose",60,"Medium-Light",58.201058201058196
"Kahiko",56,"Medium-Light",211.41975308641975
"Kenya Ndumberi Peaberry",58,"Medium-Light",68.02892489102774
"Taiwan Alishan Espresso Pacamara Natural",48,"Medium",330
"Ethiopia Gera Reserve Anaerobic Natural",62,"Light",68.78306878306879
"Kenya Ngaita Peaberry",60,"Medium-Light",68.02892489102774
"Kenya AB",64,"Light",107.60869565217392
"Kona Noir",62,"Light",255.73192239858906
"Kona Red Bourbon",60,"Medium-Light",172.8395061728395
"Kenya Washed Nyeri Hill Farm AA Top",60,"Medium-Light",56.74603174603174
"Ethiopia Nano Genji",62,"Light",74.95811164349334
"Ethiopia Natural Sidama Abebe 74110",62,"Light",87.30158730158729
"Ethiopia Natural Guji TAMIRU 74158 Kakalove Lot",64,"Light",101.85185185185185
"Rwanda Sholi Natural Single-Origin Espresso",56,"Medium-Light",64.66974337870015
"Guatemala Washed Finca El General Lot SummerEnd Espresso",56,"Medium-Light",34.920634920634924
"Guatemala Washed Acatenango Finca El General Pacamara Espresso",58,"Medium-Light",50.925925925925924
"Finca Cerro Azul Aces Lot",61,"Medium-Light",142.1957671957672
"Gachatha Kenya",59,"Medium-Light",70.54881095858197
"Geisha Spirit",58,"Medium-Light",116.11158470266615
"Colombia Sudan Rume",64,"Light",352.7336860670194
"El Duende Peru",58,"Medium-Light",49.97207442899556
"Ethiopia Yirgacheffe G1 Idido Natural",65,"Light",90.75
"Colombia Pink Bourbon Filadelfia",64,"Light",91.71075837742504
"Ethiopia Kayon Mountain",60,"Medium-Light",58.79067579881831
"Kenya",62,"Medium-Light",87.22466960352423
"Karen J Kona Red Bourbon",58,"Medium-Light",242.28395061728395
"Ethiopia Worka Sakaro",60,"Medium-Light",64.66974337870015
"Colombia Geisha",58,"Medium-Light",105.82010582010581
"Colombia Don Ruiz Anaerobic",60,"Medium-Light",83.77671301331608
"Colombia FUDAM Nariño",62,"Light",54.381375113906934
"Ethiopia Durato Bombe",68,"Light",70.54881095858197
"Pantan Musara Sumatra",58,"Medium-Light",61.73020958875922
"Sumatra Takengon Gayo Natural",62,"Light",47.3996340307326
"Nano Genji #7",58,"Medium-Light",55.85114200887739
"Panama Auromar Camilina Geisha Natural",60,"Medium-Light",440.9171075837742
"Tio Conejo Colombia",58,"Medium-Light",79.36507936507937
"Panama Auromar Ironman Geisha Washed Process",60,"Medium-Light",440.9171075837742
"Cruz Loma",57,"Medium-Light",110.22927689594356
"Panama Elida Washed Gesha",64,"Light",400
"El Salvador Finca La Esperanza",62,"Medium-Light",60.869565217391305
"Panama Hacienda La Esmeralda Super Mario Geisha Yeast Washed",60,"Medium-Light",687.5
"Quartet Kaffe Blend No.10",56,"Medium-Light",82.5
"Ethiopia Anasora Extended Natural Special Lot",60,"Medium-Light",145.2
"Ethiopia Honey Yirgacheffe Idido G1",60,"Medium-Light",50.925925925925924
"Taiwan Natural Alishan Ching-Ye Farm",58,"Medium-Light",160.05291005291002
"Hawaii Ka‘ū Bourbon Anaerobic Natural",57,"Medium-Light",264.55026455026456
"Chelchele Ethiopia",58,"Medium-Light",55.85114200887739
"Colombia Antioquia Magico",62,"Light",111.69900058788949
"Costa Rica Hacienda La Minita",57,"Medium-Light",51.441841323966024
"El Salvador Aida Batlle La Florida Natural",56,"Medium-Light",54.82230518239807
"Colombia Geisha Cordillera",58,"Medium-Light",286.59611992945327
"Ethiopia Raro Boda",56,"Medium-Light",64.66974337870015
"Costa Rica Bounty Gesha",60,"Medium-Light",115.96460801316911
"Panama Static Gesha Natural",58,"Medium-Light",132.2790205473412
"Panama La Mula Geisha Washed",60,"Light",990
"Costa Rica San Gabriel SL28 Anaerobic Natural",58,"Medium-Light",99
"Burundi Kibingo Intenso",57,"Medium-Light",61.73020958875922
"Ecuador Peñaherrera AAA",58,"Medium-Light",73.48834474852288
"Panama Hacienda La Esmeralda Porton 5N49 Gesha Natural",60,"Medium-Light",286.59611992945327
"Kona SL34 Champagne Natural Uluwehi Farm",58,"Medium-Light",264.55026455026456
"Ethiopia Yirgacheffe Adado",60,"Medium-Light",55.82174667097798
"Tanzania Mbeya Mimba",58,"Medium-Light",55.116258561392165
"Costa Rica La Chumeca",60,"Medium-Light",67.60927716864106
"Gesha Spirits",60,"Medium-Light",157.13186249358645
"Kenya Nyeri Hill Farm AA TOP",59,"Medium-Light",50.793650793650784
"Costa Rica Las Montañas Honey",60,"Medium-Light",41.15347305917282
"Colombia Finca La Guaca Ají",62,"Light",114.63844797178132
"Kenya Washed Kiambu Uklili AB Espresso",54,"Medium-Light",58.201058201058196
"Karatina Kenya",58,"Medium-Light",67.60927716864106
"Karamo Ethiopia",60,"Medium-Light",55.85114200887739
"Ethiopia Natural Shakisso Mormora 74112",54,"Medium-Light",47.31040564373898
"Ethiopia Washed Shakisso Mormora 74112",58,"Medium-Light",47.31040564373898
"Tang Bohu Espresso Blend",45,"Medium",94.57671957671957
"Colombia Quindio Anaerobic Natural",60,"Medium-Light",88.18601369822746
"Colombia Tres Dragones Natural",58,"Medium-Light",73.48834474852288
"Colombia Finca Jardines del Eden Ice Fermentation Natural",58,"Medium-Light",165
"Honduras Natural San Vicente Belarmino Contreras Pacas",58,"Medium-Light",40.035273368606695
"Chasing Horizon Natural Espresso",48,"Medium",116.40211640211639
"Supernatural",56,"Medium-Light",54.23439842440988
"Ethiopia Alemaza Natural SOE",58,"Medium-Light",52.38095238095238
"Kona Natural Espresso",57,"Medium-Light",277.5573192239859
"Colombia Tres Dragones",60,"Medium-Light",79.36507936507937
"Colombia Pink Bourbon",60,"Medium-Light",111.69900058788949
"Peru Gesha",60,"Medium-Light",88.18601369822746
"Ecuador Loja Hacienda La Papaya Bourbon Sidra 168hr Anaerobic Natural",64,"Light",96.3716814159292
"Panama Finca Deborah Afterglow Geisha Natural",62,"Light",602.3809523809523
"Colombia Exótico De Altura",54,"Medium-Light",52.91160821893648
"Ethiopia Dawencho 74110 Natural Espresso",58,"Medium-Light",204.6
"Kenya Nyeri Yerihar AA Top Lot 21/01",57,"Medium-Light",67.5
"Colombia Wush Wush Dynamic Natural",75,"Light",165
"Rwanda Gatare",58,"Medium-Light",64.66974337870015
"Costa Rica Naranjo Danilo Salazar Arias",60,"Medium-Light",67.60927716864106
"Ethiopia Guji Shakiso G1 Honey",59,"Medium-Light",58.201058201058196
"Yemen Haraaz Red Mahal Aqeeq ul Station Natural",58,"Medium-Light",154.320987654321
"Brazil Fazenda Samambaia Natural Fermentation Arara",58,"Medium-Light",87.30158730158729
"Costa Rica Canet Musician Series Bach Raisin Honey",60,"Medium-Light",79.95594713656386
"Peru Amazonas Los Santos Geisha Natural",64,"Light",138.1057268722467
"Ethiopia Odola Washed",60,"Light",55.704165319380344
"Minanga Village Sulawesi",54,"Medium-Light",70.54881095858197
"Ka‘ū Tropical Punch Washed",58,"Medium-Light",220.4585537918871
"Kenya Peaberry Top Hill Farm Espresso",45,"Medium",90.75
"Ethiopia Belayneh Bariso Natural",58,"Medium-Light",57.32090890384785
"Yemen Al Mashtal Al Burhani",58,"Medium-Light",264.55026455026456
"Ka‘ū Lactic Natural",60,"Medium-Light",264.55026455026456
"Colombia Finca El Paraiso Castillo Red Plum",62,"Light",141.09347442680775
"Ethiopia Guji Uraga Tebe Burku Natural",58,"Medium-Light",50.881057268722465
"British Style Espresso Blend",50,"Medium",72.68722466960352
"Costa Rica Brunca Rivense Las Moras Black Honey",62,"Medium-Light",58.14977973568282
"Ethiopia Yirgacheffe Hama Washed",62,"Medium-Light",50.881057268722465
"Peru Washed Santa Monica Gesha",58,"Medium-Light",203.7037037037037
"Taiwan Washed Alishan Ching-Ye Farm SL34",56,"Medium-Light",116.40211640211639
"Ethiopia Guji Odo Shakiso",60,"Medium-Light",52.88221288103706
"Ethiopia Sidamo Karamo",62,"Light",76.4278785384638
"Gigesa Ethiopia",56,"Medium-Light",55.85114200887739
"Oahu Triple-Bourbon “Sparkling” Yeast Ferment",54,"Medium-Light",149.91181657848324
"Colombia Ibague Tolima",64,"Light",76.4278785384638
"Kenya Karatu",60,"Medium-Light",69.0790440636115
"Ecuador Taza Dorada Finca Cruz Loma",60,"Medium-Light",1234.567901234568
"Kona Bourbon Champagne Natural Uluwehi Farm",57,"Medium-Light",264.55026455026456
"Panama Hacienda La Esmeralda Geisha Washed",46,"Medium",264
"Peru Garden of Eden Farcent Geisha Anaerobic Washed",62,"Medium-Light",231
"Pointu Laurina",46,"Medium",290.7848324514991
"Ecuador Finca Cruz Loma",40,"Medium-Dark",1188
"Aged Sumatra Semiga",40,"Medium-Dark",88.18601369822746
"Indonesia Sumatra Kerinci Valley",47,"Medium",72.01857785355243
"Ka’u Classic Dark",47,"Medium",100.52910052910053
"Sumatra Boru Batak",57,"Medium-Light",61.72839506172839
"Barokah Honey Sumatra",58,"Medium-Light",55.85114200887739
"Colombia Finca La Primavera Sidra",64,"Light",141.09762191716393
"Ethiopia Natural Guji Dasaya SP",58,"Medium-Light",50.925925925925924
"Ethiopia Anaerobic Shantawene",58,"Medium-Light",58.79067579881831
"Ethiopia Bensa Asefa Qonqana",64,"Light",76.4278785384638
"Ethiopia Durato Bombe",58,"Medium-Light",55.85114200887739
"Ethiopia Washed Shantawene",60,"Medium-Light",58.79067579881831
"Indonesia Sumatra Natural Aceh Musara SC19",62,"Light",50.925925925925924
"Kenya Washed Kabingara AA",57,"Medium-Light",52.38095238095238
"Kenya Nyeri Jungle Estate Red Cherry SLD Anaerobic Natural",57,"Medium-Light",109.03083700440529
"Lugmapata Ecuador",60,"Medium-Light",79.36507936507937
"Red Sunset by Andres Cardona",55,"Medium-Light",70.54881095858197
"Macarena Colombia",60,"Medium-Light",79.36507936507937
"Haraaz Red Yemen",58,"Medium-Light",110.22927689594356
"El Salvador Anarquia Pacamara",60,"Light",64.66974337870015
"Colombia Sidra Natural Signature Selection",62,"Light",405.64373897707236
"Colombia Finca El Paraiso Geisha Letty",64,"Light",352.7336860670194
"Monarch Estate Pacamara",60,"Medium-Light",361.1111111111111
"Uluwehi Farm Kona SL34 Yeast-Fermentation Washed Peaberry",56,"Medium-Light",352.7336860670194
"Ka’u IPA Natural",58,"Medium-Light",220.4585537918871
"Ecuador Finca Lugmapata Mejorado",64,"Light",105.82010582010582
"Shakiso Natural",58,"Medium-Light",55.85114200887739
"Cerro Azul Geisha Honey Process",58,"Medium-Light",158.73015873015873
"La Esmeralda Diamond Mountain Washed Coffee",60,"Medium-Light",68.93333333333334
"Karen J Kona Red Bourbon Natural Anaerobic",56,"Medium-Light",220.23809523809524
"El Salvador Finca Mileydi Pacamara",60,"Medium-Light",73.45894941062348
"El Salvador Las Veraneras Red Bourbon",58,"Medium-Light",55.82174667097798
"Costa Rica Brunca Rivense La Guaca Passion Honey",58,"Medium-Light",58.14977973568282
"Hunkute by Nordic Approach",64,"Light",72.68722466960352
"Schweik’s Blend",62,"Light",39.47324218093863
"Whiskey Dreams Moka Java",58,"Medium-Light",52.91160821893648
"Black Level Blend",57,"Medium-Light",107.80000000000001
"Karindundu Kenya",58,"Medium-Light",64.66974337870015
"Colombia Geisha Natural",60,"Medium-Light",154.1005291005291
"Pacas Estate El Salvador Natural",54,"Medium-Light",47.003145301155236
"Hunapu Natural Guatemala",56,"Medium-Light",55.85114200887739
"Ethiopia Natural Sidama TAMIRU 74158",60,"Medium-Light",116.40211640211639
"Bedhatu Jibicho Natural",60,"Medium-Light",58.79067579881831
"Ethiopia Natural Guji DoReMi",57,"Medium-Light",30.55555555555555
"Sabana Redonda SL28 Costa Rica",58,"Medium-Light",79.36507936507937
"Ethiopia Bench Maji Gesha Village Dimma Illubabor Forest A6 Natural",64,"Light",138.76106194690266
"Sumatra Siamang Forest",54,"Medium-Light",73.48834474852288
"Yemen Jabal Nabi Special Reserve",57,"Medium-Light",123.01587301587301
"Kenya Gakuyuini AA",58,"Medium-Light",49.82509773949852
"Hacienda Esmeralda Ethiopian Accessions",62,"Light",110.22927689594356
"Gelena Geisha",60,"Medium-Light",55.85114200887739
"Ethiopia Anaerobic Natural",59,"Medium-Light",110.22927689594356
"Rainy Day Espresso Blend",54,"Medium-Light",50.217391304347835
"Ethiopia Tamiru Tadesse Tesema Anaerobic Natural",62,"Medium-Light",NULL
"Ethiopia Aphrodite Washed Espresso",44,"Medium",123.67724867724868
"Kona Tropical Punch Washed",60,"Medium-Light",220.4585537918871
"Ka’u Bourbon Champagne Natural",58,"Medium-Light",264.55026455026456
"Cerro Azul Geisha",58,"Medium-Light",132.27513227513228
"Panama Mama Cata Geisha Champagne Natural",64,"Light",440.9171075837742
"Ethiopia Yirgacheffe Worka Sakaro",57,"Medium-Light",73.48834474852288
"El Socorro Maracaturra",60,"Medium-Light",76.4278785384638
"Guatemala Acatenango Gesha",62,"Light",105.82010582010581
"Kenya Kirinyaga",60,"Medium-Light",58.2023413214577
"Hacienda La Esmeralda Montañas 71AS",59,"Medium-Light",1113.3333333333333
"Kenya Nyeri Gatomboya",57,"Medium-Light",52.910052910052904
"Ethiopia Bench Maji Natural Gesha",62,"Light",80.02645502645501
"Panama Hacienda La Esmeralda Gesha",64,"Light",293.9447383891828
"Natural Ka’u Maragogipe",62,"Medium-Light",167.5485008818342
"Costa Rica Volcan Azul San Isidro Red Honey",58,"Medium-Light",64.66974337870015
"Ethiopia Demeka Becha",60,"Medium-Light",64.64034804080073
"Sweet Holiday Blend",58,"Medium-Light",61.700814250859814
"Ethiopia Washed Sidama Bensa Bombe",60,"Light",54.58553791887125
"Panama Abu Geisha Lot 6",58,"Medium-Light",220.46503424556866
"Panama Finca Mi Finquita Geisha Afrodita Natural",59,"Medium-Light",363.7566137566137
"Panama El Burro Estate Natural Gesha",58,"Medium-Light",407.4074074074074
"Panama La Viuda Natural Geisha 4 Hermanos",60,"Light",291.005291005291
"Colombia Huila Finca Monteblanco Rodrigo Sanchez",58,"Medium-Light",NULL
"Ninety Plus Panama Gesha Estate MS Joseph Brodsky 2307",58,"Medium-Light",4000
"Espresso",56,"Medium-Light",277.5573192239859
"Kenya Kainamui AB",58,"Medium-Light",66
"Kona Mocca®",57,"Medium-Light",396.6049382716049
"Ethiopia Olonso Qeka",58,"Medium-Light",116.66666666666667
"Ethiopia Wate Mini Natural Espresso",58,"Medium-Light",50.881057268722465
"Ethiopia Sidama Bensa Farmer Tamiru 74158 Natural",64,"Light",167.37213403880068
"BNT Espresso Blend",56,"Medium-Light",50.881057268722465
"Holiday Coffee",58,"Medium-Light",220.23809523809524
"Mama Cata Mokkita",57,"Medium-Light",1322.7513227513227
"Ethiopia Tamiru Tadesse Anaerobic",62,"Light",1278.6596119929452
"Ethiopia Tamiru Tadesse Natural",64,"Light",233.68606701940033
"Puna Arakawa Estate Lactic Natural",60,"Medium-Light",264.55026455026456
"100% Kona Bourbon Pointu Laurina",56,"Medium-Light",277.5573192239859
"Colombia Java El Eden",58,"Medium-Light",58.64369910932126
"Ethiopia Shantawene Natural",60,"Medium-Light",64.66974337870015
"Ethiopia Buno Dambi Uddo",65,"Light",73.48834474852288
"Ethiopia Worka Sakaro Anaerobic Natural",56,"Medium",47.032540639054645
"Ethiopia Durato Bombe Natural",64,"Light",64.66974337870015
"SÖT Coffee Roaster Colombia Wush Wush Dynamic Natural",76,"Light",2419.2
"Colombia Trujillo Experimental Process",57,"Medium-Light",73.48834474852288
"Colombia La Siria Geisha",60,"Medium-Light",837.742504409171
"Guatemala Santa Felisa Wild Yeast Natural Gesha",62,"Light",109.1710758377425
"Colombia Granja La Esperanza Las Margaritas Gesha Honey",62,"Light",264.55026455026456
"Tanzania Acacia Hills Gesha Peaberry",62,"Medium-Light",705.4673721340389
"Colombia La Palma Y El Tucán Gesha Natural",56,"Medium-Light",352.7336860670194
"Peru Yanesha Geisha Washed Anaerobic",59,"Medium-Light",264
"Guatemala Geisha",62,"Light",165
"Costa Rica La Rejolla Washed Geisha",58,"Medium-Light",110.2096607068057
"Bekele Heto Natural Ethiopia",58,"Medium-Light",55.85114200887739
"El Salvador El Matazano Pacamara",60,"Medium-Light",61.73020958875922
"Ethiopia Guji Mormora Organic Natural",62,"Light",55.704165319380344
"Chelbesa Ethiopia",58,"Medium-Light",79.36507936507937
"Colombia La Riviera Sudan Rume",58,"Medium-Light",105.73192239858906
"Alaka Ethiopia",62,"Medium-Light",52.91160821893648
"Ethiopia Guji Uraga Tebe Burka Natural G1",64,"Light",72.6
"Sweet Kenya J36 Espresso",52,"Medium-Light",110
"Acatenango Santa Felisa Wild Yeast Natural Sudan Rume Full Moon Lot 4",60,"Medium-Light",87.30158730158729
"Guatemala Finca El General Slow Dry 6",58,"Medium-Light",54.58553791887125
"Ethiopia Yirgacheffe Washed Banko Gotiti 3",58,"Medium-Light",40.035273368606695
"Ethiopia Natural Yirgacheffe Adado Feysa Dira",58,"Medium-Light",40.74074074074074
"Guatemala Finca El General SummerEnd Espresso",52,"Medium-Light",32.760141093474424
"Guatemala El Injerto Natural Legendary Gesha 7",62,"Light",174.60317460317458
"Kenya Gachatha Nyeri AA",60,"Medium-Light",66.11011493577118
"Ethiopia Super Wush",62,"Light",76.4278785384638
"Ethiopia Worka Sakaro Anaerobic Natural",59,"Medium-Light",57.291513565948435
"Kenya Athena AB Espresso",46,"Medium",123.67724867724868
"Colombia La Esperanza Anaerobic",54,"Medium-Light",123.46041917751845
"Ethiopia Gogogu Bekaka #1",64,"Light",73.48834474852288
"Kenya Gichathaini",60,"Medium-Light",73.34136805902584
"Elida Estate ASD Natural Catuai 15",57,"Medium-Light",88.18601369822746
"Ethiopia Kochere Hama Jet Washing Station",64,"Light",58.14977973568282
"Elida Estate Dragonfly Catuai Lot 13",55,"Medium-Light",66.1395102736706
"Yemen Sheba Auction Lot 1: Wadi Al Mahjr",56,"Medium-Light",145.5026455026455
"Yemen Port of Mokha Al-Jabal",58,"Medium-Light",211.56966490299823
"Colombia La Esperanza Potosí Anaerobic Process",57,"Medium-Light",55.704165319380344
"Panama Hacienda La Esmeralda Ethiopia Accessions",62,"Light",220.0176366843033
"Guji Hamasho Washed",56,"Medium-Light",73.34136805902584
"Kona Red Wine Process",56,"Medium-Light",220.0176366843033
"Candelilla Geisha Natural",62,"Light",94.79717813051145
"Kiamugumo Kenya",58,"Medium-Light",61.73020958875922
"Ethiopia Sidama Ardi",64,"Light",55.85114200887739
"Colombia Gesha",60,"Medium-Light",79.36741232840473
"Ethiopia Kayon Mountain Washed",60,"Medium-Light",58.64369910932126
"Ethiopia Gedeb Worka Wuri",62,"Light",76.4278785384638
"Mama Cata Mokkita",54,"Medium-Light",235.16270319527325
"Kenya Karatina",56,"Medium-Light",69.0790440636115
"La Reforma El Salvador Natural",58,"Medium-Light",60.26044269378877
"Panama Geisha",62,"Light",234.96
"Guatemala COE-NW#2 Sierra Roja Geisha Washed",60,"Medium-Light",198
"Guatemala La Voz",58,"Medium-Light",61.73020958875922
"Cafe Granja La Esperanza Sudan Rume",59,"Medium-Light",176.36684303350972
"Ethiopia Guji Laayoo Natural",64,"Light",73.34136805902584
"Colombia Cafe Granja La Esperanza Sidra Natural",58,"Medium-Light",257.1428571428571
"Kenya Gatomboya",56,"Medium-Light",70.54881095858197
"Nicaragua La Bendicion Yellow Maracaturra Natural",64,"Light",87.88947677836568
"Kona Lactic Washed",60,"Medium-Light",220.0176366843033
"Kenya Kamwangi",58,"Medium-Light",70.54881095858197
"Ethiopia Bench Maji Gesha Village Oma Geisha 1931 Lot 55 Natural",64,"Light",220.53097345132744
"Ethiopia Guji Natural Euphora Special Lot",59,"Medium-Light",46.56084656084656
"Sudan Rume",57,"Medium-Light",132.27513227513228
"Testi Ayla Double Ethiopia",64,"Light",161.52738175725332
"Primavera Colombia Espresso",58,"Medium-Light",55.85114200887739
"Espresso Blend",51,"Medium",66
"Classic MK Blend",36,"Medium-Dark",66
"Chocolate Lover’s Espresso",39,"Medium-Dark",44.00000000000001
"Golden Parrot Blend",50,"Medium",30.55555555555555
"Bull Demon King",35,"Medium-Dark",80.02645502645501
"Tanzania Gesha Peaberry",62,"Light",660.9347442680777
"Ethiopia Natural Guji D Minor 21/01",64,"Light",54.58553791887125
"Ethiopia Hambela Yellow Honey James Selection",62,"Light",59.65608465608465
"Costa Rica Black Honey",58,"Medium-Light",40.035273368606695
"Ethiopia Guji Hambela Kudume Yellow Honey",58,"Medium-Light",92.39999999999999
"Ethiopia Sidamo Bensa Mirado Natural",64,"Light",72.68722466960352
"Costa Rica La Florida Red Honey Espresso",54,"Medium-Light",43.650793650793645
"Ethiopia Yirgacheffe Botabaa Washed G1 21/01",60,"Medium-Light",42.195767195767196
"Yemen Mocca Matari",60,"Medium-Light",98.8546255506608
"Mojave Vault Series Geisha Natural",64,"Light",220.23809523809524
"Ethiopia Buku Abela",60,"Medium-Light",50.881057268722465
"Colombia Finca Santa Maria",58,"Medium-Light",52.91160821893648
"Yemen Mocha Haimi",63,"Light",154.320987654321
"Costa Rica Hacienda Tobosi Villalobos Anaerobic Natural",62,"Light",99
"Colombia Wush Wush",56,"Medium",79.36741232840473
"Brazil Gauriroba Natural",82,"Light",4291.2
"Rwanda “Silverback Returns”",42,"Medium-Dark",116.40211640211639
"Gigesa Natural",58,"Medium-Light",52.91160821893648
"El Jocote Natural",60,"Medium-Light",70.54673721340387
"Panama Finca Santa Teresa Summer Gesha",60,"Medium-Light",255.73943972485964
"Baby Dragons",60,"Medium-Light",82.30694611834564
"Kona Maragogype Peaberry Natural",58,"Medium-Light",220.4585537918871
"Ecuador San José de Minas Double-Anaerobic",62,"Light",132.2790205473412
"La Perla Chiquita Ecuador",56,"Medium-Light",61.73020958875922
"Las Flores Colombia",58,"Medium-Light",58.79067579881831
"Nicaragua Yellow Pacamara Natural",62,"Light",264.10934744268076
"Ethiopia West Arsi Nensebo Natural G1",52,"Medium-Light",70.54881095858197
"Ethiopia Sidama Bona Sweet Natural",62,"Light",58.79067579881831
"Congo Square",56,"Medium-Light",58.79067579881831
"Rwanda Rulindo Tumba",60,"Medium-Light",49.97207442899556
"Tanzania Sambewe",58,"Medium-Light",49.82509773949852
"Rwanda Kinini Village Natural",58,"Medium-Light",63.199976483729685
"Tanzania Peaberry",53,"Medium-Light",39.66136819594788
"Tanzania Ngila Estate SL28",60,"Light",73.34136805902584
"Ethiopia Washed Sidama Nafasha 74158 21/01",60,"Medium-Light",42.195767195767196
"Ethiopia Tibe Haro Uraga",58,"Medium-Light",60.23104735588935
"Taiwan Natural Alishan TFU’YA Kakalove Lot",58,"Medium-Light",203.7037037037037
"Ethiopia Natural Guji Blue Donkey 21/01",60,"Light",47.31040564373898
"Kenya Nyeri Gachatha Washed AB",58,"Medium-Light",47.31040564373898
"Ethiopia Yirgacheffe G1 Mulugeta Tsige",60,"Medium-Light",82.5
"Kenya AA Top Gathambi Station",58,"Medium-Light",90.75
"Ethiopia Guji Gerba Station G1 Natural Espresso",56,"Medium-Light",74.25
"Ethiopia Keramo Village",60,"Medium-Light",100
"Ethiopia Uraga Washed G1",58,"Medium-Light",52.76463152943943
"Kenya Karindudu AA",56,"Medium-Light",64.66974337870015
"Colombia Cardona Natural",62,"Light",73.48834474852288
"Ethiopia Guji Anaerobic",57,"Medium-Light",73.48834474852288
"Maypop",56,"Medium-Light",73.45894941062348
"La Soledad Colombia",58,"Medium-Light",79.36507936507937
"Colombia Huila Acevedo El Paraiso",57,"Medium-Light",73.48834474852288
"Love of Desolate",58,"Medium-Light",72.68722466960352
"Blend No.7 Berrichee",54,"Medium-Light",69.3
"Ethiopia Niguse Gemeda Mude Natural",60,"Medium-Light",130.83700440528634
"La Estrella Carbonic Geisha Reserve",59,"Medium-Light",200
"Ethiopia Guji Wush Wush Anaerobic Natural",57,"Medium-Light",81.40969162995596
"Ethiopia Guji Wush Wush",58,"Medium-Light",73.34136805902584
"Tres Dragones Colombia",60,"Medium-Light",73.48834474852288
"Panama Elida Estate Catuaí Natural ASD",58,"Medium-Light",72.7308803104125
"Ethiopia Yirgacheffe Israel Degfa Natural Gr.1",56,"Medium-Light",65.41850220264317
"Panama Elida Estate Washed",59,"Medium-Light",400
"Kona Maragogype Natural",58,"Medium-Light",264.10934744268076
"Kenya Washed Nakuru Gachombe Factory AB",56,"Medium-Light",30.55555555555555
"Ethiopia Natural Guji Hambella Wate Peaberry",62,"Light",54.58553791887125
"Ethiopia Guji Shakiso Dambi Udo Natural Anaerobic",59,"Medium-Light",52.800000000000004
"Ethiopia Natural Guji",56,"Medium-Light",30.55555555555555
"Costa Rica Yellow Honey Kinka Bear Lot 20-02",52,"Medium-Light",36.37566137566137
"Ethiopia Guji Shakiso Dambi Udo Honey",62,"Light",51.333333333333336
"Kenya Washed Nyeri Gichathaini Factory AB",60,"Medium-Light",56.74603174603174
"Colombia Pink Bourbon Honey",60,"Medium-Light",85.24647990828655
"Kona SL34 Sweet Spot",58,"Medium-Light",251.70068027210885
"Haraaz Red",58,"Medium-Light",77.1604938271605
"Panama Elida Green-Tip Geisha La Torre ASD",62,"Light",264.55609691571686
"Kona Peaberry",56,"Medium-Light",123.45679012345678
"Panama Finca Los Lajones Natural",60,"Light",85.24647990828655
"SL28",56,"Medium-Light",145.5026455026455
"Bourbon Pointu Natural",58,"Medium-Light",251.95263290501384
"Ethiopia Guji Hambela Buku Abel Slow Dry Natural 2400m",64,"Light",60
"Flight Seasonal Espresso",58,"Medium-Light",55.82174667097798
"Panama Boquete Flor De Mariposa Geisha Espresso",54,"Medium-Light",72.75132275132275
"Guji Ethiopia Washed",62,"Light",52.88221288103706
"Colombia Monteblanco Geisha",64,"Light",88.09523809523809
"Ethiopia Gedeo Kochere Reko Natural",64,"Light",69.56521739130434
"Costa Rica Aris Red Honey Lot 2002 Espresso",52,"Medium-Light",39.285714285714285
"Twisted V.6 Espresso",54,"Medium-Light",46.29765719156942
"Aged Sumatra Ulos Batak 2015",45,"Medium",55.704165319380344
"Kona Uluwehi SL34",60,"Medium-Light",264.10934744268076
"Colombia Pink Bourbon Finca El Chaparote",64,"Light",87.88947677836568
"Ethiopia Neja Fadil",58,"Medium-Light",58.79067579881831
"Peru Buena Vista Valerio Almanza Ccahua",60,"Medium-Light",119.04761904761904
"Panama Finca Santa Teresa Lot 9",60,"Medium-Light",58.79067579881831
"Guatemala Cobán Chicoj Cooperative Red Honey Fair Trade",58,"Medium-Light",52.8
"Ethiopia Halo Hartume Daniel Mijane",58,"Medium-Light",55.85114200887739
"Colombia Cauca El Paraiso",85,"Light",4291.2
"Taiwan Songyue Geisha",79,"Light",7603.2
"Kenya Nyeri",60,"Medium-Light",95.33333333333333
"Kenya Kirinyaga Baragwi Karumandi AA",54,"Medium-Light",49.82509773949852
"Harimau Tiger Sumatra",54,"Medium-Light",49.97207442899556
"Ethiopia Sidamo Washed",58,"Medium-Light",54.09691629955947
"Ethiopia Guji Uraga Washed",60,"Medium-Light",36.651982378854626
"Indonesia Golden Sumatra TP Espresso",44,"Medium",74.25
"Kenya Gachatha",54,"Medium-Light",66.1395102736706
"Ethiopia Suke Quto Single-Origin Espresso",52,"Medium-Light",55.85114200887739
"Ethiopia Gera Limu",58,"Medium-Light",55.85114200887739
"Panama Pacamara Natural",52,"Medium-Light",183.50000000000003
"Ka’u Pink Honey",64,"Light",220.0176366843033
"Kona Maragogype Pink Honey",64,"Light",264.10934744268076
"RD1 Espresso Blend",54,"Medium-Light",43.650793650793645
"Bull Espresso Blend",56,"Medium-Light",32.709251101321584
"Ethiopia Yirgacheffe Gotiti Natural",58,"Medium-Light",55.291005291005284
"Trust the Process — Full Natural",64,"Light",83.73015873015872
"Colombia Finca El Caucho Pink Bourbon",62,"Light",99.64726631393297
"Colombia Antioquia Natural Carbonic Maceration Caturra",60,"Medium-Light",45.10582010582011
"Colombia La Gallera Estate",64,"Light",90.21164021164022
"Colombia Diofanor Ruiz",58,"Medium-Light",146.9723691945914
"Colombia Java El Edén Limited Edition",58,"Medium-Light",88.18601369822746
"Finca La Maria Geisha Natural",62,"Light",378.3068783068783
"Angamaza",60,"Medium-Light",58.79067579881831
"Ethiopia Rhapsody Espresso",52,"Medium-Light",87.09251101321586
"Kona Geisha Champagne Natural",64,"Light",660.9347442680777
"Dafis Abafita Natural Ethiopia",64,"Light",63.199976483729685
"Berg Wu Championship Sidamo Washed G1 Lot 20-02",64,"Light",49.47089947089947
"Ka’u Yellow Bourbon",60,"Medium-Light",116.40211640211639
"Ethiopia Natural Hambela Wate",58,"Medium-Light",45.10582010582011
"Kinini Village Rwanda",58,"Medium-Light",58.79067579881831
"Ethiopia Natural Guji Uraga G1 Lot 20-05",58,"Medium-Light",54.58553791887125
"Kenya Nyeri Muchoki Estate AA",62,"Light",50.925925925925924
"Fruity Espresso Blend",56,"Medium-Light",74.95
"Ethiopia Yirgacheffe Cleopatra Natural",56,"Medium-Light",99
"Ethiopia Yirgacheffe Dumerso G1 Natural",57,"Medium-Light",55.704165319380344
"Kenya Kirinyaga Kii",57,"Medium-Light",82.5
"Guatemala Santa Felisa Solar Eclipse Gesha Natural",64,"Light",180.42328042328043
"Coral",58,"Medium-Light",40
"Ethiopia Guji Goro Muda Washed G1",64,"Light",65.47619047619047
"Ethiopian Guji Ana Sora Alcoholic Natural G1",60,"Medium-Light",43.650793650793645
"Panama Hacienda La Esmeralda Gesha",58,"Medium-Light",246.91358024691357
"Ethiopia Cup of Excellence Guji Natural",68,"Light",175.9259259259259
"Ethiopia Sidama Telamo FTO Natural",58,"Medium-Light",67.60927716864106
"Ethiopia Guji Laayyoo Natural",64,"Light",73.34136805902584
"Magic Cat Kenya Civet AFCA TOH NO.2 Gatuya Factory New Murarandia AA",56,"Medium-Light",908.289241622575
"Ethiopia Grade 1 Chelchele",62,"Light",64.66974337870015
"Ethiopia Natural Yirgacheffe Gr.1 Cleopatra",47,"Medium",160.05291005291002
"Taiwan Alishan Zhou-Zhu-Yuan Farm Estate Reserve Washed",46,"Medium",160.05291005291002
"Ethiopia Keramo Zero Oxygen Natural",60,"Medium-Light",242.50440917107582
"Panama Elida ASD Natural",62,"Light",400
"Peru Yanesha Geisha",61,"Medium-Light",145.5026455026455
"Ethiopia Guji Chembi",58,"Medium-Light",65.41850220264317
"Kenya Nyeri",57,"Medium-Light",66
"Kona Red Bourbon Anaerobic Washed Uluwehi Farm",58,"Medium-Light",264.10934744268076
"Wush Wush",60,"Light",61.700814250859814
"Honey Typica Anaerobic",56,"Medium-Light",165.34756057232303
"Geisha",55,"Medium-Light",145.5026455026455
"Panama Abu Natural ASD Geisha BOP GN11",58,"Medium-Light",349.20634920634916
"Ethiopia Kochere Boji",60,"Medium-Light",58.64369910932126
"Panama Finca Minerva-Mirage Pacamara BOP PAC04",46,"Medium-Light",174.60317460317458
"Tanzania Shimiligwanda",62,"Light",52.76463152943943
"Ethiopia Natural Guji Blue-Donkey 2020",59,"Medium-Light",47.31040564373898
"Kenya Washed Peaberry Rnyeusi",52,"Medium-Light",47.31040564373898
"Ethiopia COE 2nd place Washed Sidamo Rumudamo",60,"Medium-Light",577.5
"Ethiopia Yirgacheffe Natural Haru Suke G1",60,"Medium-Light",45.10582010582011
"Finca Sophia Gesha Washed",58,"Medium-Light",440.9171075837742
"Colombia Granja La Esperanza Java Anaerobic",53,"Medium-Light",499.7060552616108
"Shantawene Ethiopia Daya Bensa Natural",62,"Light",55.85114200887739
"Kenya AA FAQ",60,"Medium-Light",54.45
"Ardent Ethiopia Natural",57,"Medium-Light",154.320987654321
"Ethiopia Dur Feres Natural",60,"Medium-Light",55.82174667097798
"Kenya AA Ares Phoenix Special",44,"Medium",130.95238095238093
"GW01 Finca Sophia Olympus Geisha",58,"Medium-Light",8250
"La Esperanza Colombian Natural X.O.",54,"Medium-Light",49.82509773949852
"Taiwan Geisha Honey",62,"Light",572.7513227513227
"Camilina Geisha",60,"Medium-Light",499.7060552616108
"Hacienda La Esmeralda Buenos Aires Geisha Natural",54,"Medium-Light",286.59611992945327
"Ethiopia Sidama Bona Washed G1",58,"Medium-Light",127.86596119929453
"Sidama Extreme Papilio Washed",59,"Medium-Light",73.48834474852288
"Finca Santa Isabel",55,"Medium-Light",38.2139392692319
"Finca San Carlos",56,"Medium-Light",38.2139392692319
"Ethiopia Natural Guji D Minor Special Lot",60,"Medium-Light",58.201058201058196
"2020 Savage Auction Deborah Carbonic-Macerated Natural Geisha",58,"Medium-Light",218.25396825396825
"Costa Rica Cordillera del Fuego",58,"Medium-Light",105.78483245149911
"Ethiopia Bombe Mountains",58,"Medium-Light",73.48834474852288
"Ethiopia Yirgacheffe G1 Natural Asfaw Maru",52,"Medium-Light",49.82509773949852
"Coffea Diversa Rume Sudan Winey",64,"Light",175.9259259259259
"Hawai’i Puna Anaerobic Washed",58,"Medium-Light",175.9259259259259
"Colombia Hacienda Casablanca",62,"Medium-Light",58.79067579881831
"Ethiopia Natural Guji Kercha Lot Riverside",58,"Medium-Light",40.035273368606695
"Costa Rica Yellow Honey Lot Kinka Bear",52,"Medium-Light",36.37566137566137
"San Diego Natural",55,"Medium-Light",52.61765483994238
"Buna Boka #1",60,"Medium-Light",55.116258561392165
"El Jardin",58,"Medium-Light",123.45679012345678
"Kenya Wachuri",48,"Medium",64.66974337870015
"Kenya Baragwi Guama AB",60,"Medium-Light",49.97207442899556
"Kenya ARES",54,"Medium-Light",109.04347826086956
"Empress Kenya",58,"Medium-Light",80.66666666666666
"Kenya Kiambu AB Top Lot",54,"Medium-Light",65.41850220264317
"Kenya Kiambu Maua Lot AB",60,"Medium-Light",47.31040564373898
"Kenya Thunguri AA",58,"Medium-Light",64.5227666892031
"Kenya Kirinyaga Kabare Karani AA",60,"Medium-Light",71.77777777777777
"Kenya Nyeri",52,"Medium",52.91160821893648
"Kenya Rungeto",56,"Medium-Light",67.60927716864106
"Kenya AA Top Gatomboya",54,"Medium-Light",52.910052910052904
"Heart & Soul Espresso Blend",50,"Medium",52.910052910052904
"Ethiopia Banko Gotiti",57,"Medium-Light",58.79067579881831
"Ethiopia Yabitu Koba",58,"Medium-Light",58.79067579881831
"Ethiopia Banko Gotiti",60,"Medium-Light",57.32090890384785
"Rhapsody of Dreams",58,"Medium-Light",65.41850220264317
"Ethiopia Reko Yirgacheffe",60,"Medium-Light",60.26044269378877
"Colombia Asobombo Inza",62,"Light",47.032540639054645
"Ethiopia Sidamo Natural Twakok G1",52,"Medium-Light",78.91304347826086
"Panama Boquete Torre Lot #1 Geisha Honey",62,"Light",825
"Yellow Caturra (special lot)",56,"Medium-Light",132.27513227513228
"Hawai’i Kilauea Volcano Yeast Fermentation Washed",58,"Medium-Light",264.10934744268076
"Kona Pink Honey Black Rock Farm",58,"Medium-Light",220.0176366843033
"Ethiopia Kayon Mountain",60,"Medium-Light",58.64369910932126
"Benti Nenqa #209 Ethiopia",60,"Medium-Light",55.116258561392165
"El Salvador Santa Elena Pacamara",54,"Medium-Light",82.5
"Ethiopia Sheka Kawo Kamina Natural",58,"Medium-Light",73.34136805902584
"Black Swan Blend",54,"Medium-Light",37.83068783068783
"Indonesia Lintong Mandheling",58,"Medium-Light",66
"Ethiopia Yirgacheffe Natural Farm Direct",58,"Medium-Light",64.66974337870015
"Kenya Karatina AA 2020",58,"Medium-Light",70.54881095858197
"Colombia San Luís Gesha",60,"Medium-Light",88.14814814814814
"Karani Kenya",56,"Medium-Light",61.73020958875922
"Miraflores Colombia",58,"Medium-Light",64.66974337870015
"Kenya Gatuya",55,"Medium-Light",61.73020958875922
"Flight Seasonal Espresso",58,"Medium-Light",54.351979776007525
"Kenya Gicherori",58,"Medium-Light",69.0790440636115
"Ethiopia Kayon Mountain (Natural)",64,"Light",55.82174667097798
"Ethiopia Kayon Mountain (Washed)",62,"Light",54.351979776007525
"Ethiopia Dame Dabaye",60,"Medium-Light",47.032540639054645
"Kenya Nyeri AB Nyeshun",58,"Medium-Light",58.201058201058196
"Ethiopia Guji Bishala",58,"Medium-Light",42.195767195767196
"Ethiopia Wegida Natural",62,"Light",58.79067579881831
"Ka’u Red Caturra Peaberry",58,"Medium-Light",146.97668949704575
"Wush Wush Ginbo Keffa Ethiopia",60,"Medium-Light",52.911219383143376
"Burundi Karehe",60,"Medium-Light",58.79067579881831
"Ethiopia Guji Natural",64,"Light",52.91160821893648
"Ethiopia Gera Estate Natural",67,"Light",47.003145301155236
"Estelí Nicaragua",60,"Medium-Light",66.13756613756614
"Limu Ethiopia Natural",66,"Light",41.15347305917282
"Colombia Finca El Roblar",60,"Medium-Light",48.50230753402511
"Guatemala Bella Carmona",58,"Medium-Light",55.85114200887739
"Ethiopia Yirgacheffe Kochere Debo",54,"Medium-Light",41.15347305917282
"Kilauea Volcano Champagne Natural",64,"Light",264.10934744268076
"Nicaragua La Benedicion SL28 Natural",62,"Light",117.28395061728395
"Colombia Tolima Geisha",62,"Light",176.19047619047618
"Ethiopia Haro Guta Natural",62,"Light",58.201058201058196
"Kenya AA Kirinyaga Kii",60,"Medium-Light",87.30158730158729
"Colombia Antioquia La Papaya Bourbon Chiroso",62,"Medium-Light",101.85185185185185
"Karimiuki Espresso",58,"Medium-Light",61.73020958875922
"Karimiuki Kenya",58,"Medium-Light",61.73020958875922
"Colombia San Pedro",56,"Medium-Light",55.85114200887739
"DR Congo, Gera Village, SOPACDI",58,"Medium-Light",61.73020958875922
"El Floral Colombia",59,"Medium-Light",61.73020958875922
"El Salvador Geisha Natural",58,"Medium-Light",99.64726631393297
"Ethiopia Natural Guji Lot D Minor",58,"Medium-Light",40.035273368606695
"Taiwan Natural Alishan Zhuo-Wu Farm Geisha",56,"Medium-Light",291.005291005291
"All Rise",54,"Medium-Light",58.79067579881831
"Costa Rica Hacienda Tobosi Copey Villa Sarchi Black Honey",52,"Medium-Light",67.5
"Sudan Rume",62,"Light",176.36684303350972
"Ethiopia Sidama Keramo Village",60,"Medium-Light",73.48834474852288
"Red Bourbon Natural Exclusive Reserve",58,"Medium-Light",167.5485008818342
"Nano Genji Agaro Gera",52,"Medium",61.73020958875922
"Sumatra Pantan Musara",58,"Medium-Light",61.73020958875922
"Kona Classic Black Rock Farm",52,"Medium",167.10758377425043
"Ethiopian Yirgacheffe Natural",58,"Medium-Light",58.79067579881831
"Colombia Cauca At’e",60,"Medium-Light",52.910052910052904
"Sumatra Pantan Musara",54,"Medium-Light",73.34136805902584
"Sumatra Gayo G1 Triple-Picked Lot 005",56,"Medium-Light",32.760141093474424
"Nano Genji #4 Espresso",56,"Medium-Light",55.116258561392165
"Ignacio Quintero Colombia",58,"Medium-Light",52.91160821893648
"Ka’u Giant Maragogipe",54,"Medium-Light",123.45679012345678
"Organic Ethiopia Agaro-Nano Challa",58,"Medium-Light",67.462300479144
"Kerinci Palompek Sumatra",58,"Medium-Light",52.32370146094829
"Kenya Embu Gicherori Factory AA Top",58,"Medium-Light",95.7
"Colombia Finca Lord Baltimore Papayo",62,"Light",73.34136805902584
"Mocha Java",52,"Medium",42.62323995414327
"Ethiopia Shantawene Washed",60,"Medium-Light",61.700814250859814
"Organic Suke Quto Ethiopia",56,"Medium-Light",55.85114200887739
"Kenya Tuikit Factory AA",56,"Medium-Light",43.650793650793645
"Abu Natural Panama Geisha",58,"Medium-Light",205.4673721340388
"Colombia Finca Las Margaritas Natural Sudan Rume",55,"Medium-Light",176.36684303350972
"Ecuador Finca Carolina Sidra",60,"Medium-Light",88.03903700873042
"Gesha Village Single-Variety Gesha Special Selection",58,"Medium-Light",132.27513227513228
"Indestec El Paraiso",58,"Medium-Light",85.24647990828655
"Monteblanco Cold Fermentation Geisha",57,"Medium-Light",85.24647990828655
"Funky Chicken",46,"Medium",41.1240777212734
"Yemen Al-Obbarat",54,"Medium-Light",440.4761904761905
"Ecuador Quilanga Typica Yeast Fermentation",57,"Medium-Light",67.462300479144
"Ethiopia Natural Guji PB JackyLai Lot",56,"Medium-Light",43.650793650793645
"Ethiopia Wush Wush",62,"Light",97.00461506805021
"Ethiopia Hassen Ware Akrabi",58,"Medium-Light",66.13756613756614
"Costa Rica Luis Campos Anaerobic",58,"Medium-Light",67.60927716864106
"Colombia Granja La Esperanza Tres Dragones",60,"Medium-Light",69.0790440636115
"Colombia Finca La Loma Microlot",58,"Medium-Light",48.50230753402511
"Kenya Kiambu AB Uklili 1905 Lot",58,"Medium-Light",43.650793650793645
"Elida Natural Dragonfly Lot",54,"Medium-Light",58.79067579881831
"Kona Laurina Pointu",56,"Medium-Light",251.95263290501384
"Dadaocheng Garden Blend Espresso",52,"Medium",57.75
"Ethiopia Dimtu",58,"Medium-Light",61.700814250859814
"Ethiopia Sidama Anaerobic",58,"Medium-Light",58.055792351333075
"Kenya Kiri Peaberry",56,"Medium-Light",55.85114200887739
"Ethiopia Violent Andromeda Natural",48,"Medium",99
"Kenya Nyeri Yerihar AA Lot 1901 Espresso",52,"Medium-Light",47.31040564373898
"Costa Rica Aris Red Honey Lot 1901 Espresso",50,"Medium",29.100529100529098
"Panama Hacienda La Esmeralda Geisha Natural Special Auction ES-N-2",54,"Medium-Light",465.60846560846556
"El Salvador Finca El Cerro Natural",58,"Medium-Light",67.57988183074164
"Halo Hartume Espresso",57,"Medium-Light",52.61765483994238
"Giusto Organic Espresso Blend",48,"Medium",41.88835650665804
"Berg Wu Championship Selection Yirgacheffe G1 Natural Lot 19/01",60,"Medium-Light",90.75
"Ethiopia Mulegeta Sintayehu Washed",59,"Medium-Light",165
"Ecuador Eugenioides Natural Finca Perla Negra",55,"Medium-Light",NULL
"Panama Esmeralda Geisha Natural",56,"Medium-Light",175.9259259259259
"Ethiopia Suke Quto Honey",52,"Medium-Light",58.055792351333075
"Kenya FSC AB",50,"Medium",330
"Ceri Ceri Meriah Coffee",54,"Medium-Light",39
"Alamendah Patuha Coffee",50,"Medium",39
"Holiday Blend",54,"Medium-Light",80
"2019 Celebration",47,"Medium",55.116258561392165
"Kenya Kiandu Peaberry",56,"Medium-Light",94.05
"Sumatra Raja Harimau Lintong Espresso",44,"Medium",40.035273368606695
"Panama Esmeralda Geisha Portón Oro Yeast",59,"Medium-Light",411.2286890064668
"Kenya Kiambu Peaberry Uklili 1904 Lot",50,"Medium",43.650793650793645
"Kenya Kiambu AB Uklili 1903 Lot",52,"Medium-Light",43.650793650793645
"Ethiopia Natural Yirgacheffe Blue Donkey Lot #2",56,"Medium-Light",43.650793650793645
"Ethiopia Nansebo Worka",56,"Medium-Light",61.700814250859814
"Panama Elida Geisha Natural 1029",54,"Medium-Light",5555.555555555556
"Port of Mokha Yemen JSP",44,"Medium",600
"Panama Elida Natural Catuai",58,"Medium-Light",64.5227666892031
"Cate Natural G5",52,"Medium-Light",33
"Gachami Kenya",56,"Medium-Light",56.439048766865575
"Ethiopia Natural “Phoenix”",44,"Medium",203.7037037037037
"Costa Rica SL-28 Yellow Honey Espresso",38,"Medium-Dark",189.15343915343914
"Washed Geisha Hacienda La Esmeralda Jaramillo Special",56,"Medium-Light",1102.2927689594355
"Panama Perci Geisha Natural",52,"Medium-Light",264.55026455026456
"Elida Estate Geisha Green-Tip Natural",54,"Medium-Light",4761.9047619047615
"Washed Kenya",47,"Medium",80.66666666666666
"Panama Hacienda La Esmeralda Super Mario Geisha",54,"Medium-Light",670
"Kenya Gakundu FCS Kamviu Wet Mill",56,"Medium-Light",45.29821570298951
"Rukira Kenya",58,"Medium-Light",60
"Gesha Village Lot #85 Natural",54,"Medium-Light",176.14638447971782
"Ethiopia Natural Yirgacheffe Banko Gotiti",52,"Medium-Light",47.31040564373898
"Indonesia Sumatra Gayo Espresso",36,"Dark",87.30351198218656
"Ethiopia Limu Nano Challa Lot #10",54,"Medium-Light",57.31922398589065
"Best of Panama GNEP-01 Elida Geisha Green Tip Natural",55,"Medium-Light",NULL
"Geisha XO",54,"Medium",264.55026455026456
"Colombia Finca La Maria Geisha Natural",57,"Medium-Light",323.045267489712
"Panama Finca Kalithea Natural Geisha",55,"Medium-Light",218.25396825396825
"Panama Hacienda La Esmeralda Super Mario 6 Geisha",51,"Medium-Light",264.55026455026456
"Panama Geisha Alto Jaramillo",53,"Medium-Light",352.7336860670194
"Colombia Laderas del Tapias Estate Natural Geisha",52,"Medium-Light",193.69565217391303
"Gesha Village Natural Lot #19",58,"Medium-Light",396
"Gesha Village 1931 Lot 27",60,"Medium-Light",220.4585537918871
"Ethiopia Sidamo Gora Kone",59,"Medium-Light",55.85114200887739
"Kebele Village Espresso",52,"Medium-Light",50.26602780798966
"Panama Finca San Sebastian",53,"Medium-Light",35.274405479290984
"Yirgacheffe Gedeb G1 Natural",62,"Light",50.925925925925924
"Kenya Kiambu Uklili AA",52,"Medium",50.925925925925924
"Ethiopia Guji Shakisso Natural Lot 24",53,"Medium-Light",37.83068783068783
"Ethiopia Washed Yirgacheffe Nafasha Lot",55,"Medium-Light",40.035273368606695
"El Salvador",47,"Medium",86.64021164021163
"Ethiopia Kayon Mountain Natural",50,"Medium",61.73020958875922
"Ethiopia Natural Yirgacheffe Blue Donkey Lot",57,"Medium-Light",43.650793650793645
"Geisha Village Auction Lot #11",52,"Medium-Light",227.07231040564375
"Ethiopia Yirgacheffe Chelelektu Natural",58,"Medium-Light",52.91160821893648
"Kenya Kimaruri",54,"Medium-Light",67.60927716864106
"Kenya Handege",53,"Medium",55.85114200887739
"Colombia Valle del Cauca Cerro Azul Geisha",48,"Medium",166.66666666666666
"Green-Tip Geisha",56,"Medium-Light",154.320987654321
"Barichu Double",53,"Medium-Light",117.63668430335096
"Rukera Kenya",54,"Medium-Light",62.3181163467474
"Rukera Espresso",54,"Medium-Light",62.3181163467474
"The Core Espresso",45,"Medium",50.706957876480786
"Espresso Mandarina",46,"Medium",49.82509773949852
"SOB Espresso",46,"Medium",55.704165319380344
"Ethiopia Gedeb Worka Sakaro",60,"Medium-Light",96.80000000000001
"La Belleza Colombia",57,"Medium-Light",57.32090890384785
"Crystalina",60,"Medium-Light",58.79067579881831
"Kenya Kiambu Gititu AA",55,"Medium-Light",52.38095238095238
"Ninety Plus Gesha Estates JBC Custom Lot #252",55,"Medium-Light",436.5079365079365
"La Palma Y El Tucan Hero Series Colombia Sidra Lot #190",57,"Medium-Light",264.55026455026456
"Ka’u Champagne Natural",58,"Light",175.9259259259259
"Monarch Gesha",51,"Medium-Light",370.3703703703703
"Australian Blend Espresso",51,"Medium-Light",95
"Colombia Tolima Monteverde Estate Natural Wush Wush",53,"Medium",176.00000000000003
"Ethiopia Oromia Guji Washed",60,"Medium-Light",88.00000000000001
"Kenya Murang’a Githiga AA",53,"Medium-Light",59.525121806036296
"Ethiopia Sidama Shantewene",58,"Medium-Light",55.85114200887739
"Gesha Rebecca Natural",58,"Medium-Light",50.925925925925924
"Café Granja La Esperanza Sudan Rume Natural",51,"Medium",165.34391534391534
"Boru Batak Sumatra",53,"Medium-Light",38.85294117647059
"Sumatra Tano Batak",55,"Medium-Light",52.91160821893648
"Sumatra Lintong",51,"Medium",49.97207442899556
"Ethiopia Natural Guji Hambela G1 Bishan Fugu",51,"Medium-Light",47.289402323684385
"Tanzania Tarime AB",56,"Medium-Light",49.97207442899556
"El Salvador Cerro Las Ranas Honey Espresso",50,"Medium-Light",26.19105359465597
"Panama Baru Geisha Black",52,"Medium-Light",160.05291005291002
"Flight Seasonal Espresso",54,"Medium-Light",52.88221288103706
"Eaagads Estate Kenya",52,"Medium-Light",55.85114200887739
"Ethiopia Guji",54,"Medium-Light",52.910052910052904
"Ethiopia Yirgacheffe G1",58,"Light",36.666666666666664
"Kenya Karindundu AA Small Lot Reserve",54,"Medium-Light",52.91160821893648
"Rwanda Kanzu",55,"Medium-Light",70.54881095858197
"Ethiopia Kochere Natural",52,"Medium-Light",52.91160821893648
"Kenya Thirikwa Single-Origin Espresso",42,"Medium",64.66974337870015
"Sumatra Tano Batak",54,"Medium-Light",61.700814250859814
"Rwanda Mushonyi Natural",54,"Medium-Light",87.96296296296295
"Ethiopia Hambela Natural Organic",52,"Medium-Light",44.0706364778765
"Kenya AB",47,"Medium",52.91160821893648
"Tanzania Ngorongoro Ridge Peaberry",55,"Medium-Light",47.032540639054645
"Ethiopia Haro Wachu",50,"Medium-Light",66.13756613756614
"Banco Gotete Ethiopia",53,"Medium-Light",54.381375113906934
"Kenya Ruthaka Peaberry",48,"Medium",55.85114200887739
"Honduras Las Flores Parainema",56,"Medium-Light",64.66974337870015
"Kivu DR Congo",56,"Medium-Light",49.678121050001465
"Panama Ninety Plus Perci Lot 50",50,"Medium-Light",264.55026455026456
"Colombia Sidra",58,"Medium-Light",66.13756613756614
"Colombia Geisha",53,"Medium-Light",76.13168724279835
"Kenya Murunga New Gatanga FCS Mukurwe Factory AB",54,"Medium-Light",70.54673721340387
"Ethiopia WORKA",60,"Medium-Light",52.88221288103706
"Ethiopia Banko Dhadhato Washed",62,"Light",52.88221288103706
"Kenya Karuthi AA",56,"Medium-Light",60
"Kenya Nyeri Nudurutu Factory AB",57,"Medium-Light",43.650793650793645
"Ethiopia Kochere Washed Saona Lot",57,"Medium-Light",42.195767195767196
"Ethiopia Guji Natural Dasaya",57,"Medium-Light",43.650793650793645
"Holiday Sweet Blend",54,"Medium-Light",49.942679091096146
"Colombia El Obraje Gesha",54,"Medium-Light",141.09347442680775
"Flowery Nekisse",60,"Medium-Light",79.36507936507937
"Baru Gesha",55,"Medium-Light",120
"Mama Cata Geisha Washed",56,"Medium-Light",158.73482465680945
"Wei Rong Blend",55,"Medium-Light",43.650793650793645
"Kiunyu Peaberry",52,"Medium-Light",76.4278785384638
"Kibugu Kenya",54,"Medium-Light",58.64369910932126
"Poseidon Blend Espresso",52,"Medium-Light",43.61233480176212
"Kenya Gikirima Kibugu",56,"Medium-Light",57.31922398589065
"Elida Estate Geisha Natural Dragonfly Reserve",54,"Medium-Light",308.641975308642
"Costa Rica Geisha Honey COE 2018 2nd Place",50,"Medium-Light",198.4126984126984
"Guatemala Pacamara Natural",57,"Medium-Light",210.97883597883597
"La Providencia Guatemala Maragogype",56,"Medium-Light",61.73020958875922
"Kenya Kabingara",58,"Medium-Light",58.64369910932126
"Kenya Konyu",57,"Medium-Light",57.31922398589065
"Hacienda La Esmeralda Cabana Geisha Natural",57,"Medium-Light",330.6878306878307
"Finca La Aurora Camilina Geisha",56,"Medium-Light",198.4126984126984
"Twenty Five",50,"Medium-Light",42.47626326464623
"Karimikui Kenya",55,"Medium-Light",57.32090890384785
"Kenya Baragwi Thimu Peaberry",52,"Medium-Light",57.32090890384785
"Kariru Kenya",56,"Medium-Light",57.32090890384785
"Esmeralda Estate Porton Geisha Natural",56,"Medium-Light",330.6878306878307
"Kenya Kiambu",53,"Medium-Light",49.23719098151033
"Ethiopia Washed Phoenix Special “Muse”",40,"Medium-Dark",101.85409731255099
"Kenya AB Phoenix Special “Glory”",39,"Medium-Dark",109.12938997773321
"Kenya Ritho FCS Handege Factory AB",53,"Medium-Light",54.58553791887125
"Ethiopia Yirgacheffe Botabaa Washed",56,"Light",42.195767195767196
"Ethiopia Hambela Natural",56,"Medium-Light",52.91160821893648
"Ethiopia Gera Limmu Oromia",58,"Medium-Light",51.441841323966024
"Kenya Kabare Konyu",54,"Medium-Light",60.26044269378877
"Alemu Bukato Espresso",56,"Medium-Light",55.116258561392165
"Tarime Tanzania",58,"Medium-Light",43.3581234016285
"Berlina Geisha",56,"Medium-Light",117.63668430335096
"Gatugi Triple",58,"Light",117.63668430335096
"Ethiopia Yirgacheffe Natural Espresso",51,"Medium-Light",52.91160821893648
"Ethiopia Yirgacheffe Natural",55,"Medium-Light",52.91160821893648
"Guatemala Finca El General Lot ALT8 Espresso",52,"Medium-Light",40.035273368606695
"Green Dolphin Blend Espresso",50,"Medium-Light",34.920634920634924
"Finca El Socorro Maracaturra",52,"Medium-Light",66.1395102736706
"Ethiopia Kochere Debo Washed Gellana",57,"Medium-Light",40.01410965850217
"Ethiopia Gotiti Natural",46,"Medium",84.39153439153439
"Cream Tabby Espresso Blend",49,"Medium-Light",58.666666666666664
"Ethiopia Girma Eshetu",56,"Medium-Light",45.29821570298951
"Red Bourbon Honey Cold Brew Coffee",0,"Light",19.526329050138575
"Karimikui Espresso",51,"Medium-Light",57.32090890384785
"Ethiospro Blend",54,"Medium-Light",52.17672477145125
"Costa Rica Cumbres Del Poas “Perla Negra” Natural",59,"Medium-Light",52.91160821893648
"Natural Sidamo Twakok G1",59,"Light",37.83152185894751
"Yemen Haraaz",55,"Medium-Light",102.88368264793205
"YCFCU Banko Gotiti Coop G1",41,"Medium-Dark",61.83998765404881
"Gesha Village Lot #25",52,"Medium-Light",218.25396825396825
"Costa Rica Perla Negra",50,"Medium",49.82509773949852
"Espresso 1849 Blend",50,"Medium",52.910052910052904
"Ethiopia Kayon Mountain",60,"Light",55.82174667097798
"Tano Batak Sumatra",58,"Medium-Light",54.381375113906934
"No. 7 Espresso Blend",47,"Medium",65.47619047619047
"Kenya Embu Uteuzi Jimbo",56,"Medium-Light",50.927048656275495
"DR Congo FTO Bourbon SOPACDI",50,"Medium-Light",52.91160821893648
"Tarime Tanzania",56,"Medium-Light",56.439048766865575
"Kiniyota Espresso",54,"Medium-Light",51.73579470296011
"El Obraje Geisha",52,"Medium-Light",154.320987654321
"Mandheling Onan Ganjang",55,"Medium-Light",40.01410965850217
"Ethiopia Banko Gotiti Natural",60,"Light",50.927048656275495
"Yemen Microlot",58,"Light",330.6878306878307
"Lycello by Ninety Plus",54,"Medium-Light",330.6878306878307
"Lotus by Ninety Plus",52,"Medium-Light",639.3298059964726
"Karen J Red Bourbon",58,"Medium-Light",202.60141093474425
"Kenya Nyeri Gatugi Peaberry",45,"Medium",52.76463152943943
"Kenya Gura AA",56,"Medium-Light",66.93121693121692
"Sumatra Tano Batak",53,"Medium-Light",61.73020958875922
"Sumatra Tano Batak",55,"Medium-Light",49.97207442899556
"Yemen Port of Mokha Al-Durrar",50,"Medium-Light",268.95943562610233
"Finca La Maria Geisha Natural",55,"Medium-Light",224.86772486772486
"Ethiopia Guji Gigessa",60,"Light",66.93121693121692
"Granja La Esperanza Sudan Rume Natural",50,"Medium",165.34391534391534
"Gedeb Espresso",51,"Medium-Light",55.116258561392165
"Panama Baru Geisha Honey by Joseph",56,"Medium-Light",130.95238095238093
"Panama Baru Geisha Natural by Joseph",58,"Medium-Light",138.2275132275132
"Burundi Buhorwa",54,"Medium-Light",44.09300684911373
"Dodora Double",60,"Light",87.65432098765432
"Summer Night Blend Espresso",58,"Medium-Light",36.37646332591107
"Kenya Kirinyaga",65,"Light",44.09300684911373
"Sumatra Mutu Batak",49,"Medium",43.94603015961668
"Three Queens Blend",52,"Medium-Light",41.1240777212734
"Kiniyota Burundi",52,"Medium-Light",51.73579470296011
"Ethiopia Biftu Gundina Coop Espresso",42,"Medium-Dark",40.01410965850217
"Ethiopia Banko Gotiti Natural",60,"Light",47.289402323684385
"Canoe Blend",56,"Medium-Light",41.15347305917282
"Guatemala Retiro Natural Process",57,"Medium-Light",46.29765719156942
"Kenya Gatugi AB",53,"Medium-Light",350
"Gedeb Ethiopia",58,"Medium-Light",55.116258561392165
"Ethiopia Dry-Processed Guji Mt. Kayon",56,"Medium-Light",350
"Ethiopia Banko Gotiti",65,"Light",49.942679091096146
"Panama Auromar Estate Geisha Peaberry",53,"Medium-Light",224.86772486772486
"Panama Finca Hartmann Geisha Natural",60,"Light",238.09523809523807
"Mini-Me Washed Kaffa Forest",40,"Medium-Dark",94.57880464736877
"Jade Espresso",56,"Medium-Light",41.15347305917282
"Ulos Batak Sumatra",54,"Medium-Light",55.704165319380344
"Blue Label La Esmeralda Porton Pascua Gesha",53,"Medium-Light",264.55026455026456
"David Mburu Kenya",58,"Light",60
"El Peñon Nicaragua",61,"Light",52.76463152943943
"Kenya Chorongi Peaberry",50,"Medium-Light",58.79067579881831
"Kenya Riakiberu AB",55,"Medium-Light",56
"Yule Blend 2018",56,"Medium-Light",44.09300684911373
"Kenya Thaitu",54,"Medium-Light",64.66974337870015
"Ethiopia Banko Gotiti Natural G1",58,"Light",87.00000000000001
"Panama Auromar Geisha Natural",56,"Medium-Light",161.67435844675035
"El Salvador Finca Kilimanjaro",56,"Medium-Light",73.48834474852288
"Panama Elida Green Tip Gesha Natural",53,"Medium-Light",326.2786596119929
"Gikanda Kenya",55,"Medium-Light",56.58602545636262
"Panama Don Julian Pacamara",56,"Medium-Light",110.2096607068057
"Kenya AB Muchoki",55,"Medium-Light",58.64369910932126
"Geisha Panama Santamaria Natural",54,"Medium-Light",160.79999999999998
"100% Kona SL-28",56,"Medium-Light",330.46737213403884
"Kenya Kirinyaga Mukangu AB",54,"Medium-Light",47.289402323684385
"Ethiopia Washed Yirgacheffe Adado",56,"Medium-Light",40.01410965850217
"Ace Espresso",52,"Medium-Light",38.831241365119496
"Kenya Mutungati",54,"Medium-Light",45.29821570298951
"Ethiopia Gedeb Halo Beriti",48,"Medium",48.50230753402511
"Ethiopia Sidama",47,"Medium",36.68538169846262
"Thiriku AA Kenya",47,"Medium",72.01857785355243
"Flora Blend Espresso",54,"Medium-Light",88.41409691629956
"“Sweety” Espresso Blend",50,"Medium-Light",139.86784140969164
"“Fruity” Espresso Blend",54,"Medium-Light",111.8942731277533
"El Aquila Pacamara Espresso",54,"Medium-Light",52.61765483994238
"Guatemala Finca El Injerto Gesha",56,"Medium-Light",224.86772486772486
"Kenya Gatomboya AA",56,"Medium-Light",52.91160821893648
"Flight Seasonal Espresso",56,"Medium-Light",48.47291219612569
"A.G.E. Duetto Espresso",56,"Medium-Light",114.6384479717813
"Kenya Nyeri Hill Farm",55,"Medium-Light",52.91160821893648
"Jinotega Geisha",53,"Medium-Light",55.704165319380344
"Nicaragua Un Regalo de Dios Bourbon",56,"Medium-Light",49.942679091096146
"Gedeb Lot 83 Ethiopia Natural",58,"Medium-Light",55.704165319380344
"Halo Beriti Ethiopia",53,"Medium-Light",52.61765483994238
"Ethiopia Konga Sede",60,"Medium-Light",48.47291219612569
"Static Amaro Gayo Natural Ethiopia",45,"Medium",49.97207442899556
"Static Cali Classic Espresso",54,"Medium-Light",43.94603015961668
"Shine Day El Salvador",61,"Light",71.86666666666667
"Kenya Kirinyaga Baragwi Guama AB",59,"Medium-Light",43.65175599109328
"Guatemala Finca El General Espresso",56,"Medium-Light",40.01410965850217
"Kenya Boma Peaberry",54,"Medium-Light",49.942679091096146
"Ethiopia Guji Zone Natural",60,"Light",50.05
"Kenya Boma AA",53,"Medium-Light",47.003145301155236
"Colombia Finca Campoalegre",55,"Medium-Light",38.066962579734856
"Panama Geisha",34,"Medium-Dark",88.15661836032805
"Esmeralda Special Auction Washed Geisha",54,"Medium-Light",220.4585537918871
"Gesha Village 1931, Lot 86",54,"Medium-Light",330.6878306878307
"Gesha Village Natural Oma Block Lot 72",56,"Medium-Light",232.8093652858308
"Gesha Village Lot 76 Nasha Block",64,"Light",326.2786596119929
"Gesha Village Auction Lot 26 Gori Gesha Natural",54,"Medium-Light",220.20000000000002
"Carmen Geisha El Palomar Best of Panama #4 Carlos Aguilera",54,"Medium-Light",220.4585537918871
"Karuthi Espresso",53,"Medium-Light",55.704165319380344
"Chelelektu Espresso",51,"Medium-Light",50.706957876480786
"Karuthi Kenya",53,"Medium-Light",55.704165319380344
"Finca El Obraje Colombia Gesha",46,"Medium",176.07289829512052
"Kenya AA Top Nyeri Tekangu Tegu Microlot",41,"Medium-Dark",73.15
"Washed Ethiopia Yirgacheffe Banko Gotiti",58,"Medium-Light",80.02645502645501
"Sumatra Danau Toba",55,"Medium-Light",49.82509773949852
"Kapsakiso Kenya",60,"Light",55.704165319380344
"Ethiopia Washed Kayon Mountain",58,"Medium-Light",40.01410965850217
"Ninety Plus Gesha Estates Limited Batch #227",67,"Light",604.0564373897706
"Makwa Kenya AB",62,"Light",41.15347305917282
"Finca El Guamo Colombia",54,"Medium-Light",47.003145301155236
"Kenya Ndaroini AA",54,"Medium-Light",58.79067579881831
"El Salvador Finca Kilimanjaro Natural",54,"Medium-Light",102.88368264793205
"Kamagogo Kenya",53,"Medium-Light",61.43625620976513
"Twisted 4.0 Espresso",53,"Medium-Light",46.29765719156942
"El Salvador Finca Kilimanjaro Cascara Fermentation Aida Batlle",50,"Medium",102.88368264793205
"Puna Natural",54,"Medium-Light",102.29276895943562
"Colombia La Palma Y El Tucan Gesha",62,"Light",NULL
"Bourbon Peaberry",54,"Medium-Light",220.23809523809524
"Sumatra Boru Batak",54,"Medium-Light",44.063611511214326
"Gesha Village Estate Bench Maji Gesha G1",55,"Medium-Light",154.320987654321
"Bourbon-Barrel-Aged Kenya Baragu",55,"Medium-Light",88.18342151675485
"Aged Sumatra Ulos Batak Peaberry",53,"Medium-Light",52.91160821893648
"Colombia La Palma and El Tucan Espresso",51,"Medium-Light",36.37646332591107
"Kenya Kabare AA",56,"Medium-Light",42.62323995414327
"Gesha, Gesha Village 1931",56,"Medium-Light",388.0070546737213
"Aricha Yirgacheffe Ethiopia",58,"Medium-Light",58.64369910932126
"Guatemala Finca Cappuccino “Echo-Lot” Espresso",50,"Medium-Light",32.73881699331996
"Ethiopia Guji Shakiso Danbi Uddo",56,"Medium-Light",52.91160821893648
"Kenya AA Gura Auction Lot",56,"Medium-Light",44.97354497354497
"Yirgacheffe G1 Idido",56,"Medium-Light",110.58201058201057
"Yemen Port of Mokha Hayma Microlot",47,"Medium",374.7795414462081
"Edgar Motta Colombia Pink Bourbon",59,"Medium-Light",55.85114200887739
"Papua New Guinea PB Kimel Estate",56,"Medium-Light",38.55905112546572
"Panama La Esmeralda Noria Enero Geisha",57,"Medium-Light",335.0970017636684
"Rwanda Bufcafe",54,"Medium-Light",50.706957876480786
"Ethiopia Queen Sheba Natural Yirgacheffe Phoenix Special",54,"Medium-Light",109.12938997773321
"Ulos Batak Sumatra Peaberry",57,"Medium-Light",54.67532849290103
"Bernachon High-Level Espresso",50,"Medium",31.718061674008812
"Mora Negra Geisha Hartmann Farm",56,"Medium-Light",127.86596119929453
"Gori Gesha Forest",54,"Medium-Light",154.320987654321
"Ethiopia Natural Hambela Buku",58,"Medium-Light",41.88804867832183
"Panama Camilina Natural Geisha",58,"Medium-Light",220.23809523809524
"Kenya Nyeri Thageini Peaberry",52,"Medium-Light",57.32090890384785
"Single-Origin Nitro",0,"Light",10.258972926893795
"Hawaii Kilauea Volcano Nano-Lot",59,"Medium-Light",211.64021164021162
"Ethiopia Charbanta Natural",60,"Medium-Light",52.91160821893648
"Esmeralda Noria Natural",58,"Medium-Light",209.43562610229276
"Miami Winter Holiday Blend",62,"Light",88.18342151675485
"Duncan Estate Panamanian Gesha",66,"Light",141.09347442680775
"The Jungle",43,"Medium-Dark",72.75292665182214
"Ethiopia Yirgacheffe",63,"Light",68
"Ethiopia Washed Yirgacheffe “Paradise” Espresso",47,"Medium",101.85409731255099
"Kenya Lenana",52,"Medium",47.767424086539876
"“Mini-Me” Washed Yirgacheffe",52,"Medium-Light",94.57880464736877
"Kenya Guama Peaberry",56,"Medium-Light",70.51941562068255
"Sumatra Tano Batak",55,"Medium-Light",61.700814250859814
"Los Congos Pacamara Natural",60,"Medium-Light",58.79067579881831
"Granja La Esperanza Colombia",56,"Medium-Light",70.54881095858197
"Mokka",54,"Medium-Light",176.14638447971782
"Kenya Gathugu",60,"Medium-Light",52.76463152943943
"Pacamara Finca Los Planes El Salvador",55,"Medium-Light",57.32090890384785
"Kenya Karindundu",56,"Medium-Light",52.88221288103706
"Panama Finca Las Brujas Geisha Natural",57,"Medium-Light",220.4585537918871
"P.r.o. Coffee Ethiopia Yirgacheffe",56,"Medium-Light",76.12334801762115
"Gichichi Peaberry Kenya",57,"Medium-Light",47.003145301155236
"Blade Runner Blend",56,"Medium-Light",42.88
"Laura’s Reserve SL-28",56,"Medium-Light",198.19223985890653
"Panama Finca Mama Cata Microlot Tona",58,"Light",66.1395102736706
"Mr. David Mburu Kenya",56,"Medium-Light",60
"Meaza Ethiopia",54,"Medium-Light",60
"Costa Rica Finca Chispirta",54,"Medium-Light",110.22927689594356
"Las Lajas Perla Negra Natural",52,"Medium-Light",64.66974337870015
"Ninety Plus Silvia Solkiln N2",45,"Medium",380.3083700440529
"P.R.O. Special Blended Coffee",44,"Medium-Dark",168.06167400881057
"Ethiopia Natural Yirgacheffe Gedeb G1 Lot 118",58,"Medium-Light",46.29731696025045
"Kenya Karatu",57,"Medium-Light",52.91160821893648
"Ethiopia Gedeb Natural",58,"Medium-Light",49.97207442899556
"Sumatra Tano Batak",51,"Medium",44.827890296598966
"Kenya Gathiruini",56,"Medium-Light",73.48834474852288
"Kenya Thageini",58,"Light",61.700814250859814
"Kenya Gatomboya Peaberry",55,"Medium-Light",55.704165319380344
"Elida Natural “Dragonfly Lot”",55,"Medium-Light",52.91160821893648
"Worka Ethiopia",58,"Medium-Light",55.116258561392165
"Indonesia Sumatra Tano Batak",52,"Medium-Light",61.700814250859814
"Ethiopia Hambela Washed",65,"Light",47.032540639054645
"Kenya Muranga Gondo AA",56,"Medium-Light",48.50195110121475
"Kenya Small-Lot Reserve Karatina AA",56,"Medium-Light",52.91160821893648
"Washed Yirgacheffe Aramo Alemayehu Berhanu",56,"Medium-Light",41.88804867832183
"Kenya Nyeri Gathugu",54,"Medium-Light",44.09300684911373
"Ethiopia Yirgacheffe Chelelektu",69,"Light",843.9153439153439
"Passport Collection Kenya Ichamara",54,"Medium-Light",47.032540639054645
"Ethiopia Limu Natural No. 701",57,"Medium-Light",48.50230753402511
"Ethiopia Yirgacheffe YCFCU Idido",52,"Medium-Light",84.31718061674009
"Sumatra Black Panther",50,"Medium",30.8
"Sumatra Lintong Mutu Batak",54,"Medium-Light",42.62323995414327
"Amaro Gayo Natural Ethiopia",58,"Light",52.76463152943943
"Ardi Ethiopia Natural",54,"Medium-Light",47.003145301155236
"Deri Kochoha Espresso",56,"Medium-Light",49.38416767100738
"Camilina Geisha Auromar Natural",58,"Light",218.25396825396825
"ManLao River Ethiopia Yirgacheffe Dry Process Gedeb Asasa",54,"Medium-Light",72.00000000000001
"Deri Kochoha Ethiopia",56,"Medium-Light",49.38416767100738
"Cachajinas Guatemala Huehuetenango",56,"Medium-Light",52.76463152943943
"Ethiopia Yirgacheffe Goro",54,"Medium-Light",42.88
"Ethiopia Yirgacheffe Reko",54,"Medium-Light",57.32090890384785
"Costa Rica Alberto Guardia Bourbon Natural",60,"Medium-Light",60.26044269378877
"Colombia San Adolfo",65,"Light",49.97207442899556
"Brazil Estancia Telese",66,"Light",38.94882271671713
"Brazil Fazenda Passeio Natural",55,"Medium-Light",30.842831632090654
"Kenya Nyeri Gatugi AA",60,"Light",36.37646332591107
"Panama La Esmeralda Bosque Geisha",53,"Medium-Light",220.4585537918871
"Ethiopia Yirgacheffe Kebele Kochore",48,"Medium-Light",61.7297559470006
"El Sitio Ecuador",52,"Medium-Light",55.704165319380344
"Harfusa Espresso",57,"Medium-Light",52.32370146094829
"SOPACDI Congo",54,"Medium-Light",52.76463152943943
"Reserve Panama Geisha Hacienda La Esmeralda",54,"Medium-Light",233.68606701940033
"Competition Blend",62,"Light",49.942679091096146
"Bean Brain Reserve Suke Quto Ethiopia Sidamo Espresso",60,"Medium-Light",55.85114200887739
"Hambela Ethiopia",57,"Medium-Light",51.29486463446897
"Drima Zede Ethiopia",57,"Medium-Light",57.09251101321586
"Ecuador Juan Peña",64,"Light",80
"Kenya Othaya Peaberry",55,"Medium-Light",43.3581234016285
"Organic Ethiopia Aramo Natural",64,"Light",52.17672477145125
"Love Shack (Kenya)",54,"Medium-Light",51.441841323966024
"100% Kona Bourbon Pointu Laurina",56,"Medium-Light",154.1005291005291
"Costa Rica Alberto Guardia Venecia Natural",60,"Light",54.381375113906934
"Adame Gorbota Espresso",56,"Medium-Light",51.441841323966024
"El Aguila Pacamara Espresso",60,"Medium-Light",46.29765719156942
"Ethiopia Natural Yirgacheffe Banko Gutiti Coop",62,"Light",43.65175599109328
"Ethiopia Natural Sidamo Guji Shakisso",53,"Medium-Light",36.37646332591107
"Colombia Granja La Esperanza Las Margaritas Sudan Rume",52,"Medium-Light",154.320987654321
"Adame Gorbota Ethiopia",54,"Medium-Light",51.441841323966024
"Ethiopia Yirgacheffe Adado",55,"Medium-Light",45.56277374408419
"Panama Ratibor Hartmann Natural",58,"Medium-Light",51.441841323966024
"Kenya AA Nyeri Tambaya",60,"Light",45.53337840618478
"Costa Rica Las Lajas Red Honey",53,"Medium-Light",48.47291219612569
"Bernachon Panama Geisha",60,"Medium-Light",203.52422907488986
"Panama La Esmeralda Geisha Bosque Natural",59,"Medium-Light",273.36860670194
"Harfusa Ethiopia Yirgacheffe Fair Trade Organic",54,"Medium-Light",52.32370146094829
"ASOPCAFA Colombia",60,"Medium-Light",43.65207678062259
"Panama Don Pepe Estate Geisha Single-Origin Espresso",48,"Medium",57.32090890384785
"Ichamama Kenya",56,"Medium-Light",47.32649401804874
"Las Flores Espresso",57,"Medium-Light",46.44463388106646
"El Salvador Finca Medrano Pacamara Nohemi Ventura",62,"Light",61.6
"Ethiopia Jimma Agaro",66,"Light",58.79067579881831
"Rwanda Silverback Espresso",43,"Medium-Dark",87.30351198218656
"Ecuador “Mama Kilya” Espresso",44,"Medium-Dark",145.50585330364427
"Ethiopia Hambela",55,"Medium-Light",55.704165319380344
"Kenya Nyeri Peaberry",55,"Medium-Light",42.32928657514918
"Panama Lino Esmeralda Geisha Natural",67,"Light",224.86772486772486
"Ethiopia Sidama Akrabi",58,"Medium-Light",NULL
"Kenya AA Gakuyuri",60,"Medium-Light",44.827890296598966
"Kenya Embu Gakui Peaberry",54,"Medium-Light",51.441841323966024
"Kenya AA Kigwandi Estate",59,"Medium-Light",39.66136819594788
"Ethiopia Yirgacheffe Buna Ababa",57,"Medium-Light",66.13756613756614
"Panama Don Pepe Fully Washed Geisha",58,"Medium-Light",176.3668430335097
"Golden Mean Espresso Blend",48,"Medium",43.94603015961668
"Finca La Mula Panama Geisha",52,"Medium",264.32980599647266
"S.O. Espresso Brazil Fazenda Santa Ines",47,"Medium",38.066962579734856
"Black House",55,"Medium-Light",41.15347305917282
"Kenya Gachatha AA",54,"Medium-Light",73.34136805902584
"Burundi Kayanza Province Mpanga Washing Station",54,"Medium-Light",61.73020958875922
"Ethiopia Yirgacheffe Dabub Matebya",65,"Light",44.09300684911373
"Yemen Haraaz Red A+",54,"Medium-Light",83.7742504409171
"El Salvador Finca Loma La Gloria",78,"Light",55.82174667097798
"Ethiopia Sidama Ardi",57,"Medium-Light",55.85114200887739
"Ethiopia Washed Limu Gera",61,"Medium-Light",37.47878039639322
"Ethiopia Aricha",62,"Light",52.911219383143376
"Ace Espresso",55,"Medium-Light",35.27414625542891
"Colombia Special Process Microlot 511 “Memory Orchard” Espresso",47,"Medium",145.50585330364427
"Costa Rica Sonora Bourbon Natural",68,"Light",55.85114200887739
"The Secret Coffee",66,"Light",87.22466960352423
"Panama Finca Hartmann",63,"Light",51.441841323966024
"Sumatra Ulos Batak",54,"Medium-Light",52.91160821893648
"Espresso Blend",52,"Medium",76.26666666666667
"Sillvia Solkiln N2 Level 95",59,"Medium-Light",671.9999999999999
"Sweet Maria’s Acatenango Gesha",60,"Medium-Light",269.6
"Keremara AA Kenya",60,"Medium-Light",54.23439842440988
"Tchembe Gedeo Ethiopia",58,"Medium-Light",90.97857079867133
"Ethiopia Yirgacheffe Gedeo",64,"Light",42.62323995414327
"Sumatra Lake Toba Peaberry",47,"Medium",52.91160821893648
"Sumatra Ulos Batak",56,"Medium-Light",50.706957876480786
"Ethiopian Washed Kochere G1 SO Espresso",49,"Medium",26.455609691571688
"Colombia Granja La Esperanza Grand Cru Mokka",65,"Light",80.83717922337517
"Panama Esmeralda Geisha",57,"Medium-Light",162.2574955908289
"Rum-Barrel Conditioned Ethiopia Gelena Abaya",65,"Light",52.910052910052904
"Milepost Kenya Nyeri Ruarai",58,"Medium-Light",52.91160821893648
"Kenya Thiriku",56,"Medium-Light",51.441841323966024
"Ari-Ari Seuri-Seuri",56,"Medium-Light",60
"Jazz Apricot (Espresso)",50,"Medium",36.37646332591107
"Ethiopia Biloya Organic",55,"Medium-Light",49.23719098151033
"Organic Ethiopian Worka Special Prep",60,"Light",52.17672477145125
"Ethiopia Washed Yirgacheffe Alemu Station",65,"Light",39.68341453735753
"Kenya Kianjuri AB",53,"Medium",52.91160821893648
"Kenya Nyeri Tambaya Peaberry",49,"Medium",57.32090890384785
"Ethiopian Yirgacheffe Idido Natural",58,"Medium-Light",52.91160821893648
"Kenya AA",56,"Medium-Light",72.75132275132275
"Ethiopia Suke Quto Organic",52,"Medium",43.94603015961668
"Espresso Blend Spring 15",48,"Medium",42.195767195767196
"Esmeralda Leon Natural Geisha",71,"Light",198.4126984126984
"Shilcho Ethiopia, Red Cherry Initiative",53,"Medium",49.97207442899556
"Lomi Tasha Worka, Ethiopia",64,"Light",73.48834474852288
"Semeon Abay Ethiopia",66,"Light",NULL
"Kenya Nyeri Rukira AB",49,"Medium",44.09268281928614
"Auromar Camilina Geisha",62,"Light",176.3668430335097
"Holiday Blend",59,"Medium-Light",50.706957876480786
"Ethiopia Wenago Natural",55,"Medium-Light",52.91160821893648
"Panama Geisha Holiday Blend",67,"Light",160
"Panama Esmeralda Especial Geisha Bosque 2",50,"Medium",273.36860670194
"Gratitude Special Blend",46,"Medium",36.74417237426144
"Nicaragua Pacamara Reserve Los Congos",57,"Medium-Light",52.91160821893648
"Kenya Muthonjo AA",49,"Medium",106.66666666666667
"Ethiopia Ninety Plus Hachira N2",51,"Medium",88.18601369822746
"Perci Red Panama Gesha",74,"Light",212.96922308121933
"Nekisse Natural Process Ethiopia",64,"Light",90.97857079867133
"Ethiopia Yirgacheffe Gutiti",52,"Medium",49.82509773949852
"Ethiopia Konga",56,"Medium-Light",49.82509773949852
"Kenya AA Top 405A Espresso",47,"Medium",116.4046826429154
"Seasonal Mini-Me Yirgacheffe Washed",52,"Medium",72.75292665182214
"Panama Mama Cata Natural",42,"Medium",99.79717216849409
"High Mountain Red Bourbon",61,"Medium-Light",154.1005291005291
"Nicaragua Pacamara Reserve Los Congos",56,"Medium-Light",52.91160821893648
"Panama Duncan Natural Gesha",61,"Light",207.2310405643739
"Guatemala Acatenango Gesha",72,"Light",97.00176366843033
"Kenya Kigwandi AA",53,"Medium-Light",58.64369910932126
"Ethiopia Homacho Waeno",62,"Medium-Light",NULL
"Colombia Granja Esperanza Gesha AAA",53,"Medium-Light",NULL
"Kenya Mathew Mugo",61,"Medium-Light",52.76463152943943
"Organic Ethiopian Banko Natural",59,"Medium-Light",49.23719098151033
"Konga Natural Ethiopia",62,"Light",52.38249213674712
"Kenya AA Giakanja",53,"Medium-Light",NULL
"Ethiopia Chele’ Lektu",52,"Medium",41.15347305917282
"Ethiopia Boke Natural Grade 1 Espresso",56,"Medium-Light",51.441841323966024
"Kochoha Espresso",56,"Medium-Light",43.65207678062259
"Kenya Nyeri Giakanja",50,"Medium",61.7297559470006
"Perci N2 L39",55,"Medium-Light",270.72
"Yirgacheffe Aricha Natural G1",59,"Medium-Light",80.9
"Sumatra Tano Batak",54,"Medium",51.441841323966024
"Panama Ironman Camilina Geisha",58,"Medium-Light",220.23809523809524
"Panama Estate Reserve: Elida Estate Natural",58,"Medium-Light",52.91160821893648
"Byron’s Maracaturra Natural Nicaragua",64,"Light",48.50230753402511
"Panama Chiriqui Finca Santa Teresa Geisha",72,"Light",79.36507936507937
"Costa Rica Cerro San Luis Natural",57,"Medium-Light",52.61765483994238
"Panama La Berlina Typica Natural",56,"Medium-Light",69.84126984126985
"Costa Rica Flor de Santos Bourbon Natural",57,"Medium-Light",113.05
"Panama NPGE Perci N2",59,"Medium-Light",192.5
"El Salvador Cerro Las Ranas Espresso",44,"Medium-Dark",46.8855639495576
"Kii Kenya",58,"Medium-Light",58.64369910932126
"Ethiopia Boke Washed Grade 1",57,"Medium-Light",49.97207442899556
"Ethiopia Semeon Abay N3",62,"Light",731.5
"Kenya Kahiriga",56,"Medium-Light",54.381375113906934
"Elida Estate Panama",57,"Medium-Light",76.39848320056439
"Kenya Baragwi Kagongo Peaberry",49,"Medium",42.62323995414327
"Sumatra Ulos Batak",53,"Medium",52.88221288103706
"Washed Yirgacheffe",54,"Medium-Light",55.82174667097798
"Kenya Kikai",57,"Medium-Light",52.17672477145125
"Ethiopia Yirgacheffe Kore Kochore",59,"Medium-Light",42.62323995414327
"SO Espresso Brazil Fazenda Rainha Natural",54,"Medium",38.066962579734856
"Papua New Guinea Kunjin",64,"Light",48.50230753402511
"Ethiopia Sidama Ardi",52,"Medium",49.97207442899556
"Celinga Ethiopia",57,"Medium-Light",48.50230753402511
"Celinga Ethiopia Espresso",57,"Medium-Light",48.50230753402511
"Ethiopia Danch Meng",57,"Medium-Light",57.32090890384785
"Ethiopia Moplaco Yirgacheffe",58,"Medium-Light",148.5
"Ethiopia Yirga Natural Bedhatu",65,"Light",50.70658524217906
"Kenya Nyeri Tambaya AA",55,"Medium-Light",148.5
"Guji Zone Ethiopia",59,"Medium-Light",52.88221288103706
"Colombia Cerro Azul Geisha",52,"Medium",133.33333333333334
"Colombia Cerro Azul Enano",60,"Medium-Light",45.12184367559305
"Colombia Finca Monte Verde, Gildardo Gutierrez",58,"Medium-Light",57.32090890384785
"Twisted 3.0 Espresso",50,"Medium",46.29765719156942
"Ethiopia Amaro Gayo Dry Process",60,"Medium-Light",39.68370616420236
"Ethiopia Gedeo Yirgacheffe",63,"Light",40.41858961168759
"Rwanda Karongi Gitesi",53,"Medium-Light",42.62323995414327
"Gelgelu Adame Ethiopia Yirgacheffe Organic Natural Process",63,"Light",56.58602545636262
"Ethiopia FTO Worka",66,"Light",44.063611511214326
"Kenya Makwa AB",54,"Medium",49.82509773949852
"Kenya Kabare AB",64,"Light",42.62323995414327
"El Salvador Santa Elena Honey Pacamara",55,"Medium-Light",55.85114200887739
"Kenya Makwa AB",51,"Medium",47.032540639054645
"Ethiopia Yirgacheffe ECX Auction Lot",56,"Medium-Light",49.97207442899556
"Ethiopia Ninety Plus Pheribo N2",66,"Light",115.5
"Ethiopia Washed Sidama Shilcho Coop G1",64,"Light",47.289402323684385
"Ethiopia Washed Yirgacheffe “Mini-Me” 2014",50,"Medium",72.75292665182214
"Panama Los Lajones Bambu Geisha",57,"Medium-Light",264.55026455026456
"Kikai Kenya",52,"Medium",42.62323995414327
"Panama Gesha Perci Red",66,"Light",212.96922308121933
"Organic Ethiopian Yirgacheffe Idido",59,"Medium-Light",46.29765719156942
"Holiday Blend",56,"Medium-Light",37.47878039639322
"Panama Finca La Mula Geisha Natural",60,"Medium-Light",220.23809523809524
"Kenya Gichuka AA",56,"Medium-Light",49.97207442899556
"Ethiopia Washed Yirgacheffe Mini-Me",50,"Medium",72.75292665182214
"Ganesha Espresso",49,"Medium",30.842831632090654
"Ethiopia Kelenso Mokanisa",59,"Medium-Light",41.1240777212734
"Lennette Kenya",56,"Medium-Light",NULL
"Ethiopia Banko Natural",58,"Medium-Light",47.91440077603693
"Ethiopia Ninety Plus Nekisse Red",49,"Medium",191.0696963461595
"Ethiopia Yirgacheffe Kochere Aricha",53,"Medium-Light",35.56835885828507
"Makwa Kenya Nyeri",57,"Medium-Light",52.88221288103706
"Panama Los Lajones Bambu Geisha Natural",58,"Medium-Light",264.32980599647266
"Juliette Red Ninety Plus Gesha Estate Panama",53,"Medium-Light",731.5
"100% Kona High Mountain Io Extra Fancy",55,"Medium-Light",158.50970017636683
"Sumatra Blue Batak Peaberry",53,"Medium",48.50230753402511
"Panama Gesha Ninety Plus Perci Red",52,"Medium",191.0696963461595
"El Agulia Pacamara El Salvador",63,"Light",51.14788794497192
"Mexico Finca Kassandra Pacamara",55,"Medium-Light",49.97207442899556
"Panama Finca Santa Teresa Honey Geisha",55,"Medium",407.4074074074074
"Batista Natural Geisha",65,"Light",276.4550264550264
"Perci N2 Ninety Plus Gesha Estates Panama",58,"Medium-Light",269.5
"Ethiopia Sidama Deri Kochoha",52,"Medium",39.68370616420236
"Kenya Kirinyaga Karimikui Peaberry",52,"Medium",42.62323995414327
"Ethiopia Yirgacheffe",59,"Light",44.09300684911373
"Panama Auromar Estate “Ironman” Geisha",56,"Medium-Light",233.64197530864197
"Kenya Ruira Mchana Estate",51,"Medium",45.56277374408419
"Honeyed Yellow Caturra",52,"Medium",117.57789535567314
"Hawaii Ka’u Isla",57,"Medium-Light",96.85763837855318
"Ethiopia Yirgacheffe Kochere Grade 1",58,"Medium-Light",45.56277374408419
"Colombia Valle del Cauca Cerro Azul Geisha AAA",60,"Medium-Light",263.44797178130506
"Nyala Kenya Peaberry",55,"Medium-Light",44.063611511214326
"Ethiopia Kercha Naturally Processed Sidama",64,"Light",38.360915958728945
"Kenya AA Top Lot A114",49,"Medium",116.4046826429154
"Mchana Kenya Peaberry",53,"Medium",47.003145301155236
"Deri Kochoha Ethiopian Sidamo",57,"Medium-Light",44.063611511214326
"Kemgin Ethiopia",51,"Medium",42.99036574880399
"Lintong Sumatra Dolok Sangul",54,"Medium-Light",48.50230753402511
"Momma Bear Espresso",56,"Medium-Light",49.97207442899556
"Ethiopia Yirgacheffe Kochere G1",58,"Medium-Light",48.500881834215164
"Maragogype Honey Process",51,"Medium-Light",201.57226365652087
"Ninety Plus Kemgin W2 Ethiopia",49,"Medium",94.57880464736877
"Ethiopia Dry Process Saris Abaya",59,"Medium-Light",65.47619047619047
"Kenya AB Top Lot Single-Origin Espresso",46,"Medium-Dark",94.57880464736877
"Geisha S94",61,"Light",365.79999999999995
"Sumatra Mandheling Wahana",59,"Medium-Light",39.68370616420236
"Geisha P.E.B. (RFA)",56,"Medium-Light",746.8000000000001
"Ethiopia Dry Process Grade 1 Aricha Yirgacheffe",56,"Medium-Light",165
"Ethiopia Yirgacheffe ECX",64,"Light",45.56277374408419
"Tchembe Single Origin Espresso",53,"Medium",55.005621817059456
"El Salvador Santa Marta Honey",55,"Medium-Light",49.82509773949852
"Rwanda Nyamasheke",56,"Medium-Light",41.15347305917282
"Kenya Riakiberu Peaberry",45,"Medium",38.2139392692319
"Ethiopia Ninety Plus Kemgin",52,"Medium-Light",52.91160821893648
"Belekatu Ethiopia Yirgacheffe",56,"Medium-Light",44.063611511214326
"Yukro Ethiopia",57,"Medium-Light",61.73020958875922
"Kenya Nyeri Gaturiri Peaberry",49,"Medium",47.032540639054645
"Rutana Burundi Espresso",46,"Medium-Dark",41.1240777212734
"La Esmeralda Mario Carnaval 2012 Panama",66,"Light",NULL
"Sumatra Wahana Natural",59,"Medium-Light",47.620447397042824
"Kenya Mukurweini Kamuchuni AA",53,"Medium",52.91160821893648
"Sweet Breeze",58,"Medium-Light",72.75132275132275
"Washed Yirgacheffe",61,"Light",58.201058201058196
"Ninety Plus Sillvia SK L95",55,"Medium-Light",400
"Yirgacheffe Belekatu",52,"Medium-Light",44.09300684911373
"Mexico Santa Teresa BCS 02: Cabernet Franc Barrel",58,"Medium-Light",58.79067579881831
"Yirgacheffe Blue Nile",54,"Medium-Light",38.58109746687537
"Ethiopia Yirgacheffe Kochere",53,"Medium-Light",43.94603015961668
"Mario San Jose Geisha",54,"Medium-Light",297.17813051146385
"Kenya Kamviu",52,"Medium",48.50230753402511
"Panama La Esmeralda Especial",57,"Medium-Light",140.91710758377425
"Jingle Bell Natural Yirgacheffe",58,"Light",44.091710758377424
"Rwanda Abakundakawa",58,"Medium-Light",43.3581234016285
"Ethiopia Nekisse",63,"Light",99.83361064891847
"Panama Don Pachi Natural Geisha",62,"Light",264.5061728395062
"Finca El Injerto Patagonia, Guatemala",59,"Medium-Light",87.96296296296295
"Colombia Geisha",46,"Medium",88.14814814814814
"Colombia La Esperanza Cerro Azul Geisha",58,"Medium-Light",154.320987654321
"Ethiopia Washed Yirgacheffe Aroma Roast",53,"Medium",69.11528031923103
"Bourbon Duets",47,"Medium",72.75292665182214
"Lycello Panama Gesha",56,"Medium-Light",100.20062170682776
"Karatu Kenya AA",53,"Medium",49.942679091096146
"Kenya Mamuto",61,"Medium-Light",73.48834474852288
"Kenya Thunguri – Top Auction Lot",49,"Medium",55.67476998148094
"Kenya Nyeri AA Tegu",56,"Medium-Light",148.5
"Panama Gesha Estates: Perci Estate 29 Natural",60,"Medium-Light",198.4126984126984
"Ethiopia Hachira",58,"Medium-Light",110.22927689594356
"Goldilocks Espresso",56,"Medium-Light",44.09300684911373
"Roastmaster’s Reserve Esmeralda",52,"Medium",88.13932980599647
"Panama Don Pachi Natural Geisha",61,"Medium-Light",264.5061728395062
"Ethiopia Nanno Challa Cooperative",53,"Medium",49.76630706369969
"Esmeralda Leon, Panama Geisha Auction Lot",52,"Medium-Light",176.14638447971782
"Panama Don Pachi Natural Geisha",55,"Medium-Light",264.32980599647266
"Gelena Abaya Natural Processed Ethiopia",66,"Light",44.063611511214326
"Maui Mokka Peaberry",42,"Medium-Dark",105.82010582010581
"Kona Maragogipe Honey S.O. Espresso",53,"Medium",232.80423280423278
"Panama Lerida Estate",51,"Medium",57.291513565948435
"Colombian La Esperanza",58,"Medium-Light",39.573182830309314
"Colombia Finca Villa Loyola",60,"Medium-Light",53.9404450454158
"El Vergel Guatemala",61,"Medium-Light",48.50230753402511
"Kenya Nyeri AA Gaturiri",45,"Medium-Dark",70.50264550264549
"Colombia Huila Monserrate Yaneth Gil Microlot",54,"Medium",41.88712522045855
"Colombia El Roble Single Origin Espresso",48,"Medium",52.17672477145125
"Kenya AA Top Single Origin Espresso",47,"Medium",101.85409731255099
"El Salvador Santa Rita",56,"Medium-Light",33.0697551368353
"Kenya Meru Kinjo Peaberry",54,"Medium-Light",58.76128046091889
"Ethiopia Yirgacheffe Gedeo Worka Fair Trade Organic Certified",59,"Light",47.003145301155236
"Rusty’s Hawaiian Red Caturra Natural",55,"Medium",99.18649000198418
"Guatemala El Injerto Pacamara",54,"Medium",77.1401485923411
"Honey Pot Espresso",55,"Medium-Light",47.032540639054645
"Guatemala El Diamante",53,"Medium-Light",45.56277374408419
"Mocha Java",47,"Medium",27.89617566653929
"Guatemala Pandora Pacamara Medium-Light Roast",52,"Medium",110.22927689594356
"Panama Geisha Aroma Roast",49,"Medium",378.3068783068783
"Starlight Blend",54,"Medium",33.04746577305497
"Kenya Nyeri AB Gichatha-ini Signature Series",45,"Medium",48.50195110121475
"Colombia Tolimas",50,"Medium",44.09300684911373
"Ethiopia Harrar",48,"Medium",45.2688203650901
"El Salvador Nombre de Dios",53,"Medium-Light",41.15347305917282
"Panama Elida Estate",54,"Medium-Light",41.15347305917282
"Panama Elida Estate Natural Process",52,"Medium-Light",41.15347305917282
"Ethiopia Sidamo Guji",57,"Medium-Light",36.74417237426144
"Kenya Karinga",52,"Medium",58.79067579881831
"Kenya Kiandu",54,"Medium-Light",67.60927716864106
"Kenya Karatu AA",50,"Medium",88.03903700873042
"Kenya Giakanja",51,"Medium-Light",67.462300479144
"Kenya AA Kiaora Estate Full City Roast",47,"Medium",37.47878039639322
"Kenya Kirinyaga Kii Peaberry Espresso",37,"Medium-Dark",41.006496369675766
"Sumatra Lake Tawar",49,"Medium",46.29765719156942
"Espresso Nuevo",39,"Medium-Dark",38.066962579734856
"Nicaragua SHG",50,"Medium",35.27414625542891
"Costa Rica Micro Lot “Pepe” Honey Processed",53,"Medium-Light",43.799053470119645
"Panama Gesha 2011",53,"Medium",110.12147534116714
"Guatemala Xeucalvitz",58,"Medium-Light",48
"Kenya Gethembwini",57,"Medium-Light",61.73020958875922
"Ibonia Kenya Peaberry",51,"Medium",60
"Colombia Finca Cerro Azul",57,"Medium-Light",83.7742504409171
"El Patron Nicaragua Espresso",46,"Medium-Dark",21.032209704799488
"Ethiopia Yirgacheffe Addis Ketema North Italian Espresso Roast",50,"Medium",47.032540639054645
"Bolivia Caranavi Cenaproc Co-op",43,"Medium-Dark",41.88712522045855
"Kenya Ndiara",52,"Medium",54.381375113906934
"Guatemala La Conception",53,"Medium",49.82509773949852
"Colombia La Escuelita",57,"Medium-Light",52
"Kenya Thiriku Top Auction Lot",54,"Medium",59.52555924630354
"Extra Fancy Kona Coffee Medium Roast",55,"Medium-Light",88.07513393152408
"El Salvador La Montana Pacamara",55,"Medium",46.29765719156942
"Stars of Formosa Blend",54,"Medium-Light",87.30158730158729
"Kenya Kagongo Peaberry",45,"Medium",55.85114200887739
"Kenya Peaberry Muthunzunni Estate",43,"Medium-Dark",41.006496369675766
"Kenya Kangunu",50,"Medium",61.73020958875922
"Ethiopia Konga Co-op Yirgacheffe",50,"Medium",46.8855639495576
"Honduras David Mancia",57,"Medium-Light",42
"Hawaii Isla Kona Mauka",53,"Medium-Light",132.83753196742995
"Ethiopia Nekisse Espresso",48,"Medium",111.55530732825774
"Panama Mama Cata Geisha",47,"Medium",155.02645502645504
"El Salvador Pacamara Finca Los Alpes The Bank",58,"Medium-Light",43.94603015961668
"Honduras Fernandez Farm",54,"Medium-Light",79.36507936507937
"Resiprocate Verita Espresso",40,"Medium-Dark",323.5
"Ka’u Coffee Natural Dried",46,"Medium",119.04761904761904
"Stars of Italy Espresso",46,"Medium",87.30158730158729
"Guatemala Hunapu Antigua Bourbon",48,"Medium",44.09300684911373
"Kenya Bourbon French Mission",55,"Medium-Light",87.30158730158729
"Kenya Peaberry Kirinyaga Kii",49,"Medium-Light",43.94603015961668
"El Salvador Pacamara Finca Los Alpes Tierra Fertil",56,"Medium-Light",35.12742878979393
"Panama Esmeralda Mario Carnival",52,"Medium",155.02645502645504
"Panama La Esmeralda Especial Mario San Jose",49,"Medium",123.45679012345678
"Mocha Java Espresso",48,"Medium",24.27302189201702
"Ethiopia Nekisse",50,"Medium",111.55530732825774
"Sumatra Aceh Pondok",58,"Medium-Light",35.12742878979393
"Ethiopian Sidamo Fair Trade/Organic",57,"Medium-Light",38.066962579734856
"People’s Daily Espresso",48,"Medium",25.897292689379466
"Tanzanian Songea Peaberry",47,"Medium",28.483873101258848
"La Esperanza Colombia Huila",63,"Medium-Light",49.82509773949852
"Ethiopia Yirga Cheffe Koke Espresso",53,"Medium-Light",37
"Ethiopia Sidama ARDI",54,"Medium-Light",40
"Sumatra Lake Tawar",46,"Medium",31.967195043982453
"Ethiopia Yirgacheffe",59,"Medium-Light",38.2139392692319
"Sulawesi Toraja",49,"Medium",NULL
"Indonesia Blue Batak Peaberry",39,"Medium-Dark",NULL
"Romance by Paradise",62,"Light",NULL
"Ethiopia Yirgacheffe Koke",51,"Medium",NULL
"Kenya Gichathaini",52,"Medium-Light",NULL
"Ethiopia Washed Yirgacheffe, Koke Grade 1",49,"Medium-Light",NULL
"Kenya AA Top",49,"Medium",NULL
"Costa Rica Finca Cerro Palado",55,"Medium-Light",NULL
"La Esmeralda",55,"Medium-Light",NULL
"Kenya Githiru",53,"Medium-Light",NULL
"Panama Elida Estate Natural",55,"Medium-Light",NULL
"Fair Trade Organic Ethiopia Yirgacheffe",45,"Medium",NULL
"Hacienda La Esmeralda Special Mario Carnaval",59,"Light",NULL
"Panama El Burro Estate",44,"Medium",NULL
"Ka’u Bourbon",49,"Medium",NULL
"Kenya Peaberry Thika Gethumbwini",57,"Light",NULL
"Burundi Kinyovu",53,"Medium-Light",NULL
"Bonsai Blend Espresso",37,"Medium-Dark",NULL
"Ethiopia Yirgacheffe Beloya Selection 8",65,"Light",NULL
"Romance by Paradise",51,"Medium",NULL
"Kenya AA Gachatha",47,"Medium",NULL
"“Kona Sweet” 100% Kona",62,"Light",NULL
"Kenya Ndiara Full Flavor Roast",56,"Medium-Light",NULL
"Kenya Ndaroini Microlot",52,"Medium",NULL
"Sumatra Lintong",55,"Medium-Light",NULL
"Panama Elida Natural",57,"Medium-Light",NULL
"Ethiopia Sidamo Special Prep",71,"Light",NULL
"El Salvador Finca Kilimanjaro",71,"Light",NULL
"El Salvador Finca Siberia Pacamara",50,"Medium",NULL
"Panama Esmeralda Especial",57,"Light",NULL
"La Esmeralda Panama",54,"Medium-Light",NULL
"Panama Esmeralda Lot 9",54,"Medium-Light",NULL
"Ethiopia Awassa Special",57,"Light",NULL
"Kenya Peaberry Nyeri-Tatu",48,"Medium",NULL
"El Salvador Pacamara Tierra Fertil Los Alpes Reserva",75,"Light",NULL
"Ruvuma Tanzanian Peaberry",44,"Medium",NULL
"Ethiopia Sidamo Natural Korate",52,"Medium-Light",NULL
"Kenya AA Nyeri Tatu",42,"Medium-Dark",NULL
"Kenya Peaberry Ruera Estate",46,"Medium-Dark",NULL
"Brazil Fazenda Boa Vista",55,"Medium",NULL
"Panama Elida Estate",64,"Light",NULL
"Ethiopia Yirgacheffe Aricha Selection #7",49,"Medium",NULL
"Guatemala El Injerto",58,"Medium-Light",NULL
"Organic Colombia",51,"Medium",NULL
"Colombia Tolima Jairo Guiterrez Micro-Lot 07",52,"Medium",NULL
"Tres Santos Micro-Lot La Dorada Cauca",56,"Medium-Light",NULL
"Nectar",52,"Medium-Light",NULL
"La Minita Costa Rica",59,"Medium-Light",NULL
"Kenya Kigutha",53,"Medium",NULL
"Hacienda La Esmeralda",54,"Medium-Light",NULL
"Kenya AA Mathareini",50,"Medium",NULL
"Sumatra Lake Tawar",48,"Medium",NULL
"Kenyan Highland Cooperatives",44,"Medium-Dark",NULL
"Esmeralda Especial Best of Panama",44,"Medium",NULL
"Esmeralda Especial Panama",51,"Medium",NULL
"Rwanda Karaba Fair Trade",53,"Medium-Light",NULL
"Kenya Karogoto",52,"Medium-Light",NULL
"Panama Hacienda La Esmeralda Gesha",51,"Medium",NULL
"Kenya AA Wagamuga Auction Lot",45,"Medium",NULL
"Ethiopia Natural Yirgacheffe Aricha Special Microlot",55,"Medium-Light",NULL
"Aricha Selection Seven Ethiopia Yirgacheffe",63,"Light",NULL
"Kenya Peaberry Deep River Estate",44,"Medium",NULL
"Ethiopia Biloya Special",57,"Medium-Light",NULL
"India AA Elkhill Estate",66,"Light",NULL
"Huila El Palacio Colombia",55,"Medium",NULL
"El Salvador Los Planes Cup of Excellence 2006",50,"Medium",NULL
"Natural Decaf Espresso",30,"Dark",NULL
"Decaf Organic Caffe Volcan",39,"Medium-Dark",NULL
"Colombia Tolima Reynel Perez Micro-Lot",52,"Medium",NULL
"Colombia Huila Supremo",57,"Medium-Light",NULL
"Colombia Cauca, Special Micro-Lot Selection Juvenal Penna",46,"Medium",NULL
"Colombia El Castillo Micro-Lot Nelson Melo",46,"Medium-Dark",NULL
"Colombia Hato Viejo Cup of Excellence",49,"Medium",NULL
"Kenyan AA",55,"Medium-Light",NULL
"El Salvador Los Planes Pacamara",58,"Medium-Light",NULL
"El Salvador Pacamara Los Planes",49,"Medium",NULL
"Panama Esmeralda Especial",56,"Medium-Light",NULL
"Nicaragua El Progresso COE Lot #1",55,"Medium-Light",NULL
"Kenya Mamuto Kirinyaga",52,"Medium",NULL
"Belle Espresso",43,"Medium-Dark",NULL
"S.O. India Sitara",45,"Medium",NULL
"Colombia Pitalito Estate",56,"Medium",NULL
"Hamma Cooperative Yirgacheffe, Fair-Trade Organic",54,"Medium-Light",NULL
"Sumatra Golden Mandheling",51,"Medium",NULL
"Guatemala Antigua – Finca La Tacita",51,"Medium",NULL
"Kenya AA Nyeri Fine Cup",35,"Dark",NULL
"Kenya Kinuyu AA",57,"Medium-Light",61.73020958875922
"Panama Auromar Geisha Natural Peaberry",53,"Medium-Light",176.3668430335097
"El Burro Geisha Tachi Natural",55,"Medium-Light",138.011111437726
"Holiday Blend",54,"Medium-Light",44.827890296598966
"Holiday Blend",66,"Light",110.22927689594356
"Nicaragua Pacamara Los Congos Lot #8",68,"Light",80
"Panama Boquete Kotowa Gesha Natural",64,"Light",198.4126984126984
"Holiday Blend",59,"Medium-Light",55.5571886298833
"Panama Finca Auromar Camilina Natural",66,"Light",220.4585537918871
"El Aguila SL-28 El Salvador",58,"Medium-Light",55.116258561392165
"Ethiopia Sidama Special Lot Natural",63,"Light",52.91160821893648
"Panama Finca Deborah Caturra Natural",65,"Light",88.18342151675485
"Nekisse Red N2 Level 39",63,"Medium-Light",270.72
"Panama La Esmeralda Bosque Lot 1 Gesha",64,"Light",211.64021164021162
"Finca La Mula Panama Geisha Natural",52,"Medium-Light",220.23809523809524
"La Lagunita El Salvador",59,"Medium-Light",55.116258561392165
"Costa Rica Alberto Guardia Venecia Honey",63,"Light",54.381375113906934
"Nicaragua Cafe Vidita Los Congos Pacamara Natural",63,"Light",52.91160821893648
"Kenya Kigutha AA",60,"Medium-Light",52.76463152943943
"Guatemala San Sebastian Natural",59,"Medium-Light",58
"Ethiopia Hachira Natural Espresso",62,"Light",90
"Ethiopia Kochere Espresso Profile",50,"Medium-Light",56.25
"Kenya Nyeri Kiama FCS Ichuga Factory Peaberry",49,"Medium",57.32090890384785
"Kenya Nyeri Thageini",54,"Medium-Light",52.91160821893648
"Kenya AA Lot-125 “Queen Flora”",44,"Medium-Dark",130.95238095238093
"Ethiopia Natural Yirgacheffe Phoenix Special “King Solomon”",48,"Medium",116.40211640211639
"Fully Washed Ethiopia Phoenix Special “Dr. Evil”",45,"Medium",101.85185185185185
"Sulawesi “Tanah Kebangkitan” Phoenix Special Espresso",44,"Medium-Dark",101.85185185185185
"Kenya AA Lot-122 “Excalibur” Espresso",45,"Medium-Dark",130.95238095238093
"Panama Elida Natural Lot #13",63,"Light",80
"Emma’s Jo: The Leam Hammer Competition Espresso",55,"Medium-Light",52.91160821893648
"Costa Rica Sumava Natural Lot",61,"Light",80
"Ethiopia Nigusse Lemma",58,"Medium-Light",49.82509773949852
"Panama Altieri Natural Geisha",49,"Medium",220.23809523809524
"Organic Espresso",52,"Medium",44.09300684911373
"Kemgin Ninety Plus",52,"Medium-Light",76.28090184896675
