"coffee_id","coffee_name","species_name","origin_country_name"
"C1","Colombia Pink Bourbon","Bourbon","Colombia"
"C2","Kenya Kiambu Mandela Estate AA Washed Process","SL28","Kenya"
"C2","Kenya Kiambu Mandela Estate AA Washed Process","SL34","Kenya"
"C3","Costa Rica Volcán Azul Geisha Yeast-Washed","Geisha","Costa Rica"
"C5","Kenya Gichathaini","SL28","Kenya"
"C5","Kenya Gichathaini","SL34","Kenya"
"C5","Kenya Gichathaini","Ruiru 11","Kenya"
"C6","Guatemala Retiro del Quisaya Natural Process","Pache","Guatemala"
"C6","Guatemala Retiro del Quisaya Natural Process","Bourbon","Guatemala"
"C6","Guatemala Retiro del Quisaya Natural Process","Typica","Guatemala"
"C7","Ethiopia Sidama Karamo Anaerobic Natural","Heirloom","Ethiopia"
"C9","Kabiufa Papua New Guinea","Bourbon","Papua New Guinea"
"C9","Kabiufa Papua New Guinea","Typica","Papua New Guinea"
"C10","Ka‘u Red Catuai Peaberry","Catuai","Hawaii"
"C11","Ethiopia Kayon Mountain","Landrace","Ethiopia"
"C12","Panama Finca Las Nubes Geisha Microlot","Geisha","Panama"
"C13","Guatemala El Milagro Bourbon Especial","Bourbon","Guatemala"
"C13","Guatemala El Milagro Bourbon Especial","Java","Guatemala"
"C14","Costa Rica William Mora","Caturra","Costa Rica"
"C16","Winter 2022 Allocation Colombia","Wush Wush","Colombia"
"C17","Laura’s Reserve SL34","SL28","Hawaii"
"C17","Laura’s Reserve SL34","SL34","Hawaii"
"C18","El Salvador 2022 COE#17 El Mirador Washed Gesha","Geisha","El Salvador"
"C19","Panama ABU Washed Gesha Lot GW57","Geisha","Panama"
"C20","Guatemala Natural El General Bistro Lot Espresso","Catuai","Guatemala"
"C20","Guatemala Natural El General Bistro Lot Espresso","Bourbon","Guatemala"
"C22","Ethiopia Washed Sidama Rumudamo","Heirloom","Ethiopia"
"C24","Kenya Kiambu AA","SL28","Kenya"
"C24","Kenya Kiambu AA","SL34","Kenya"
"C25","Colombia Geisha Allium","Geisha","Colombia"
"C26","Wilton Benitez Orange Bourbon","Bourbon","Colombia"
"C27","Kayon Mountain Ethiopia","Landrace","Ethiopia"
"C28","Ethiopia Kochere Arefasa Washed G1","Typica","Ethiopia"
"C29","Colombia Granja Paraíso Java P14","Java","Colombia"
"C34","Chelbessa Ethiopia","Landrace","Ethiopia"
"C36","Ethiopia Gesha Village Illubabor Forest Lot 22/043 (Single-Terroir) Natural Process","Geisha","Ethiopia"
"C37","Ethiopia Gera Genji Challa","Landrace","Ethiopia"
"C39","Panama Hartmann Estate Chicho Gallo Amaro Gayo Natural BOP#1","Landrace","Panama"
"C41","Ethiopia Uchoro Nansebo Washed","Landrace","Ethiopia"
"C43","Colombia Finca Samboni Gesha Anaerobic Natural","Geisha","Colombia"
"C44","Kambera Inari Roasting","Geisha","Panama"
"C45","Colombia Don Correa Gesha","Geisha","Colombia"
"C46","Ethiopia BergWu Maker Series Yirgacheffe Wuri G1 Lot MW21/02","Landrace","Ethiopia"
"C47","Mexico Finca Santa Cruz COE#1b","Geisha","Mexico"
"C48","Wilton Benitez Geisha","Geisha","Colombia"
"C49","Colombia Cerro Azul Geisha","Geisha","Colombia"
"C50","Yirgacheffe Mengesha Natural","Geisha","Ethiopia"
"C50","Yirgacheffe Mengesha Natural","Landrace","Ethiopia"
"C51","Panama Geisha Finca Debra Symbiosis","Geisha","Panama"
"C52","Panama Geisha Finca Debra Echo","Geisha","Panama"
"C54","Ethiopia Idido Anaerobic Natural","Landrace","Ethiopia"
"C55","Mexico Cup of Excellence #7","Geisha","Mexico"
"C56","Ethiopia Reko Yirgacheffe","Landrace","Ethiopia"
"C57","Double-Anaerobic Fermentation Tamiru Tadesse","Landrace","Ethiopia"
"C58","Ethiopia Chelbesa Danche Yirgacheffe","Landrace","Ethiopia"
"C58","Ethiopia Chelbesa Danche Yirgacheffe","Typica","Ethiopia"
"C59","Ethiopia Honey Process Tamiru Tadesse","Landrace","Ethiopia"
"C60","Ethiopia Halo Beriti","Landrace","Ethiopia"
"C61","Narsha Gesha","Geisha","Ethiopia"
"C63","Don Roger & Isabel’s Natural Fruit Symphony","Caturra","Nicaragua"
"C63","Don Roger & Isabel’s Natural Fruit Symphony","Pache","Nicaragua"
"C63","Don Roger & Isabel’s Natural Fruit Symphony","Bourbon","Nicaragua"
"C63","Don Roger & Isabel’s Natural Fruit Symphony","Java","Nicaragua"
"C66","Ethiopia Bench Maji Gesha Special Natural Lot 03","Geisha","Ethiopia"
"C68","Ethiopia Natural Yirgacheffe Burtukaana Danche","Landrace","Ethiopia"
"C69","Ethiopia Hateso Guji Washed","Landrace","Ethiopia"
"C70","Guatemala El Injerto Pacamara","Pacamara","Guatemala"
"C71","Colombia Finca Samboni Gesha Anaerobic Natural","Geisha","Colombia"
"C73","Rwanda Cyesha Natural","Bourbon","Rwanda"
"C74","Espresso No. 3","Villa Sarchi","Guatemala"
"C75","Finca Santa Isabel","Caturra","Guatemala"
"C79","Full Moon Espresso","Pacas","Costa Rica"
"C79","Full Moon Espresso","Pacas","Panama"
"C79","Full Moon Espresso","Pacas","El Salvador"
"C79","Full Moon Espresso","Pacas","Guatemala"
"C79","Full Moon Espresso","Pacas","Ethiopia"
"C80","Ethiopia Sidama Tamiru Tadesse Anaerobic Natural Special Auction Lot","Landrace","Ethiopia"
"C81","Colombia La Esperanza 100% Geisha Hanashaku","Geisha","Colombia"
"C82","Kona Extra Fancy","Typica","Hawaii"
"C83","Costa Rica Las Lajas Perla Negra","Caturra","Costa Rica"
"C84","Ecuador COE 1st place Arashi Typica Mejorado Washed","Pache","Ecuador"
"C84","Ecuador COE 1st place Arashi Typica Mejorado Washed","Typica","Ecuador"
"C85","Ethiopia Getu Kurume Natural","Landrace","Ethiopia"
"C87","Papua New Guinea Wahgi Valley Sigri Estate Peaberry","Typica","Papua New Guinea"
"C89","Ethiopia Gera Estate Anaerobic Natural","Landrace","Ethiopia"
"C92","Costa Rica Cerro Dragon Geisha Honey","Geisha","Costa Rica"
"C94","Taiwan Natural Alishan Zhuo-Wu Geisha","Geisha","Taiwan"
"C96","Kenya Gathaithi AA","SL28","Kenya"
"C96","Kenya Gathaithi AA","SL34","Kenya"
"C96","Kenya Gathaithi AA","Ruiru 11","Kenya"
"C98","Colombia Jardines del Eden Pink Bourbon Wine Yeast Honey","Bourbon","Colombia"
"C99","Colombia Cerro Azul Enano","Geisha","Colombia"
"C100","Peru Incahuasi","Caturra","Peru"
"C100","Peru Incahuasi","Bourbon","Peru"
"C100","Peru Incahuasi","Typica","Peru"
"C101","Reina de la Asuncion Ecuador","Caturra","Ecuador"
"C101","Reina de la Asuncion Ecuador","Typica","Ecuador"
"C106","Kahiko","Typica","Hawaii"
"C107","Kenya Ndumberi Peaberry","SL28","Kenya"
"C107","Kenya Ndumberi Peaberry","SL34","Kenya"
"C108","Taiwan Alishan Espresso Pacamara Natural","Pacamara","Taiwan"
"C109","Ethiopia Gera Reserve Anaerobic Natural","Landrace","Ethiopia"
"C110","Kenya Ngaita Peaberry","SL28","Kenya"
"C110","Kenya Ngaita Peaberry","SL34","Kenya"
"C110","Kenya Ngaita Peaberry","Ruiru 11","Kenya"
"C112","Kona Noir","SL34","Hawaii"
"C113","Kona Red Bourbon","Bourbon","Hawaii"
"C115","Ethiopia Nano Genji","Heirloom","Ethiopia"
"C120","Guatemala Washed Acatenango Finca El General Pacamara Espresso","Pacamara","Guatemala"
"C121","Finca Cerro Azul Aces Lot","Oro Azteca","Mexico"
"C121","Finca Cerro Azul Aces Lot","Bourbon","Mexico"
"C121","Finca Cerro Azul Aces Lot","Typica","Mexico"
"C122","Gachatha Kenya","SL28","Kenya"
"C122","Gachatha Kenya","SL34","Kenya"
"C122","Gachatha Kenya","Ruiru 11","Kenya"
"C123","Geisha Spirit","Geisha","Colombia"
"C125","El Duende Peru","Caturra","Peru"
"C125","El Duende Peru","Mundo Novo","Peru"
"C125","El Duende Peru","Typica","Peru"
"C126","Ethiopia Yirgacheffe G1 Idido Natural","Landrace","Ethiopia"
"C127","Colombia Pink Bourbon Filadelfia","Bourbon","Colombia"
"C128","Ethiopia Kayon Mountain","Landrace","Ethiopia"
"C130","Karen J Kona Red Bourbon","Bourbon","Hawaii"
"C131","Ethiopia Worka Sakaro","Landrace","Ethiopia"
"C132","Colombia Geisha","Geisha","Colombia"
"C134","Colombia FUDAM Nariño","Caturra","Colombia"
"C135","Ethiopia Durato Bombe","Landrace","Ethiopia"
"C136","Pantan Musara Sumatra","Typica","Indonesia"
"C137","Sumatra Takengon Gayo Natural","Bourbon","Indonesia"
"C137","Sumatra Takengon Gayo Natural","Typica","Indonesia"
"C139","Panama Auromar Camilina Geisha Natural","Geisha","Panama"
"C140","Tio Conejo Colombia","Caturra","Colombia"
"C141","Panama Auromar Ironman Geisha Washed Process","Geisha","Panama"
"C142","Cruz Loma","Typica","Ecuador"
"C143","Panama Elida Washed Gesha","Geisha","Panama"
"C144","El Salvador Finca La Esperanza","Bourbon","El Salvador"
"C145","Panama Hacienda La Esmeralda Super Mario Geisha Yeast Washed","Geisha","Panama"
"C147","Ethiopia Anasora Extended Natural Special Lot","Landrace","Ethiopia"
"C148","Ethiopia Honey Yirgacheffe Idido G1","Landrace","Ethiopia"
"C149","Taiwan Natural Alishan Ching-Ye Farm","SL34","Taiwan"
"C150","Hawaii Ka‘ū Bourbon Anaerobic Natural","Bourbon","Hawaii"
"C151","Chelchele Ethiopia","Landrace","Ethiopia"
"C153","Costa Rica Hacienda La Minita","Caturra","Costa Rica"
"C154","El Salvador Aida Batlle La Florida Natural","Pacas","El Salvador"
"C154","El Salvador Aida Batlle La Florida Natural","Bourbon","El Salvador"
"C155","Colombia Geisha Cordillera","Geisha","Colombia"
"C156","Ethiopia Raro Boda","Landrace","Ethiopia"
"C157","Costa Rica Bounty Gesha","Geisha","Costa Rica"
"C158","Panama Static Gesha Natural","Geisha","Panama"
"C158","Panama Static Gesha Natural","Java","Panama"
"C159","Panama La Mula Geisha Washed","Geisha","Panama"
"C160","Esmeralda Estate Panama Geisha","Geisha","Panama"
"C161","Costa Rica San Gabriel SL28 Anaerobic Natural","SL28","Costa Rica"
"C162","Burundi Kibingo Intenso","Bourbon","Burundi"
"C163","Ecuador Peñaherrera AAA","Caturra","Ecuador"
"C163","Ecuador Peñaherrera AAA","Bourbon","Ecuador"
"C164","Panama Hacienda La Esmeralda Porton 5N49 Gesha Natural","Geisha","Panama"
"C164","Panama Hacienda La Esmeralda Porton 5N49 Gesha Natural","Java","Panama"
"C165","Kona SL34 Champagne Natural Uluwehi Farm","SL34","Hawaii"
"C166","Ethiopia Yirgacheffe Adado","Heirloom","Ethiopia"
"C167","Tanzania Mbeya Mimba","Bourbon","Tanzania"
"C168","Costa Rica La Chumeca","Caturra","Costa Rica"
"C168","Costa Rica La Chumeca","Catuai","Costa Rica"
"C169","Gesha Spirits","Geisha","Colombia"
"C171","Costa Rica Las Montañas Honey","Java","Costa Rica"
"C172","Colombia Finca La Guaca Ají","Landrace","Colombia"
"C173","Kenya Washed Kiambu Uklili AB Espresso","SL28","Kenya"
"C173","Kenya Washed Kiambu Uklili AB Espresso","SL34","Kenya"
"C174","Karatina Kenya","SL28","Kenya"
"C174","Karatina Kenya","Batian","Kenya"
"C174","Karatina Kenya","SL34","Kenya"
"C180","Colombia Tres Dragones Natural","Java","Colombia"
"C181","Colombia Finca Jardines del Eden Ice Fermentation Natural","Caturra","Colombia"
"C182","Honduras Natural San Vicente Belarmino Contreras Pacas","Pacas","Honduras"
"C184","Supernatural","Landrace","Ethiopia"
"C185","Ethiopia Alemaza Natural SOE","Landrace","Ethiopia"
"C186","Kona Natural Espresso","Typica","Hawaii"
"C188","Colombia Pink Bourbon","Bourbon","Colombia"
"C189","Peru Gesha","Geisha","Peru"
"C190","Ecuador Loja Hacienda La Papaya Bourbon Sidra 168hr Anaerobic Natural","Bourbon","Ecuador"
"C191","Panama Finca Deborah Afterglow Geisha Natural","Geisha","Panama"
"C192","Colombia Exótico De Altura","Caturra","Colombia"
"C195","Colombia Wush Wush Dynamic Natural","Wush Wush","Colombia"
"C196","Rwanda Gatare","Bourbon","Rwanda"
"C197","Costa Rica Naranjo Danilo Salazar Arias","Caturra","Costa Rica"
"C197","Costa Rica Naranjo Danilo Salazar Arias","Catuai","Costa Rica"
"C197","Costa Rica Naranjo Danilo Salazar Arias","Villa Sarchi","Costa Rica"
"C198","Ethiopia Guji Shakiso G1 Honey","Heirloom","Ethiopia"
"C199","Yemen Haraaz Red Mahal Aqeeq ul Station Natural","Heirloom","Yemen"
"C199","Yemen Haraaz Red Mahal Aqeeq ul Station Natural","Java","Yemen"
"C201","Costa Rica Canet Musician Series Bach Raisin Honey","Caturra","Costa Rica"
"C202","Peru Amazonas Los Santos Geisha Natural","Geisha","Peru"
"C203","Ethiopia Odola Washed","Heirloom","Ethiopia"
"C205","Ka‘ū Tropical Punch Washed","Catuai","Hawaii"
"C205","Ka‘ū Tropical Punch Washed","Bourbon","Hawaii"
"C206","Kenya Peaberry Top Hill Farm Espresso","SL28","Kenya"
"C206","Kenya Peaberry Top Hill Farm Espresso","SL34","Kenya"
"C207","Ethiopia Belayneh Bariso Natural","Heirloom","Ethiopia"
"C208","Yemen Al Mashtal Al Burhani","Heirloom","Yemen"
"C209","Ka‘ū Lactic Natural","Catuai","Hawaii"
"C211","Ethiopia Guji Uraga Tebe Burku Natural","Landrace","Ethiopia"
"C213","Costa Rica Brunca Rivense Las Moras Black Honey","Catuai","Costa Rica"
"C214","Ethiopia Yirgacheffe Hama Washed","Landrace","Ethiopia"
"C215","Peru Washed Santa Monica Gesha","Geisha","Peru"
"C216","Taiwan Washed Alishan Ching-Ye Farm SL34","SL34","Taiwan"
"C217","Ethiopia Guji Odo Shakiso","Landrace","Ethiopia"
"C218","Ethiopia Sidamo Karamo","Landrace","Ethiopia"
"C219","Gigesa Ethiopia","Landrace","Ethiopia"
"C220","Oahu Triple-Bourbon “Sparkling” Yeast Ferment","Bourbon","Hawaii"
"C221","Colombia Ibague Tolima","Caturra","Colombia"
"C222","Kenya Karatu","Batian","Kenya"
"C222","Kenya Karatu","K7","Kenya"
"C222","Kenya Karatu","Ruiru 11","Kenya"
"C223","Ecuador Taza Dorada Finca Cruz Loma","Typica","Ecuador"
"C224","Kona Bourbon Champagne Natural Uluwehi Farm","Bourbon","Hawaii"
"C224","Kona Bourbon Champagne Natural Uluwehi Farm","SL34","Hawaii"
"C225","Panama Hacienda La Esmeralda Geisha Washed","Geisha","Panama"
"C226","Peru Garden of Eden Farcent Geisha Anaerobic Washed","Geisha","Peru"
"C227","Pointu Laurina","Bourbon","Hawaii"
"C228","Ecuador Finca Cruz Loma","Typica","Ecuador"
"C229","Aged Sumatra Semiga","Typica","Indonesia"
"C231","Ka’u Classic Dark","Typica","Hawaii"
"C232","Sumatra Boru Batak","S795","Indonesia"
"C235","Ethiopia Natural Guji Dasaya SP","Landrace","Ethiopia"
"C237","Ethiopia Bensa Asefa Qonqana","Landrace","Ethiopia"
"C238","Ethiopia Durato Bombe","Landrace","Ethiopia"
"C247","El Salvador Anarquia Pacamara","Pacamara","El Salvador"
"C249","Colombia Finca El Paraiso Geisha Letty","Geisha","Colombia"
"C250","Monarch Estate Pacamara","Pacamara","Hawaii"
"C251","Uluwehi Farm Kona SL34 Yeast-Fermentation Washed Peaberry","SL34","Hawaii"
"C252","Ka’u IPA Natural","Catuai","Hawaii"
"C253","Ecuador Finca Lugmapata Mejorado","Bourbon","Ecuador"
"C253","Ecuador Finca Lugmapata Mejorado","Typica","Ecuador"
"C255","Cerro Azul Geisha Honey Process","Geisha","Colombia"
"C257","Karen J Kona Red Bourbon Natural Anaerobic","Bourbon","Hawaii"
"C258","El Salvador Finca Mileydi Pacamara","Pacamara","El Salvador"
"C259","El Salvador Las Veraneras Red Bourbon","Bourbon","El Salvador"
"C263","Whiskey Dreams Moka Java","Java","Ethiopia"
"C263","Whiskey Dreams Moka Java","Java","Indonesia"
"C265","Karindundu Kenya","SL28","Kenya"
"C265","Karindundu Kenya","Batian","Kenya"
"C265","Karindundu Kenya","Ruiru 11","Kenya"
"C266","Colombia Geisha Natural","Geisha","Colombia"
"C267","Pacas Estate El Salvador Natural","Pacas","El Salvador"
"C268","Hunapu Natural Guatemala","Caturra","Guatemala"
"C268","Hunapu Natural Guatemala","Bourbon","Guatemala"
"C270","Bedhatu Jibicho Natural","Landrace","Ethiopia"
"C271","Ethiopia Natural Guji DoReMi","Landrace","Ethiopia"
"C272","Sabana Redonda SL28 Costa Rica","SL28","Costa Rica"
"C273","Ethiopia Bench Maji Gesha Village Dimma Illubabor Forest A6 Natural","Geisha","Ethiopia"
"C274","Sumatra Siamang Forest","Typica","Indonesia"
"C276","Kenya Gakuyuini AA","SL28","Kenya"
"C276","Kenya Gakuyuini AA","SL34","Kenya"
"C276","Kenya Gakuyuini AA","Ruiru 11","Kenya"
"C277","Hacienda Esmeralda Ethiopian Accessions","Heirloom","Panama"
"C278","Gelena Geisha","Geisha","Ethiopia"
"C279","Ethiopia Anaerobic Natural","Landrace","Ethiopia"
"C283","Kona Tropical Punch Washed","Typica","Hawaii"
"C284","Ka’u Bourbon Champagne Natural","Bourbon","Hawaii"
"C285","Cerro Azul Geisha","Geisha","Colombia"
"C286","Panama Mama Cata Geisha Champagne Natural","Geisha","Panama"
"C287","Ethiopia Yirgacheffe Worka Sakaro","Landrace","Ethiopia"
"C288","El Socorro Maracaturra","Caturra","Guatemala"
"C289","Guatemala Acatenango Gesha","Geisha","Guatemala"
"C291","Hacienda La Esmeralda Montañas 71AS","Geisha","Panama"
"C293","Ethiopia Bench Maji Natural Gesha","Geisha","Ethiopia"
"C294","Panama Hacienda La Esmeralda Gesha","Geisha","Panama"
"C295","Natural Ka’u Maragogipe","Pacamara","Hawaii"
"C295","Natural Ka’u Maragogipe","Caturra","Hawaii"
"C295","Natural Ka’u Maragogipe","Maragogipe","Hawaii"
"C296","Costa Rica Volcan Azul San Isidro Red Honey","Java","Costa Rica"
"C297","Ethiopia Demeka Becha","Heirloom","Ethiopia"
"C299","Ethiopia Washed Sidama Bensa Bombe","Landrace","Ethiopia"
"C300","Panama Abu Geisha Lot 6","Geisha","Panama"
"C301","Panama Finca Mi Finquita Geisha Afrodita Natural","Geisha","Panama"
"C302","Panama El Burro Estate Natural Gesha","Geisha","Panama"
"C303","Panama La Viuda Natural Geisha 4 Hermanos","Geisha","Panama"
"C304","Colombia Huila Finca Monteblanco Rodrigo Sanchez","Bourbon","Colombia"
"C305","Ninety Plus Panama Gesha Estate MS Joseph Brodsky 2307","Geisha","Panama"
"C308","Kona Mocca®","Bourbon","Hawaii"
"C310","Ethiopia Wate Mini Natural Espresso","Landrace","Ethiopia"
"C315","Ethiopia Tamiru Tadesse Anaerobic","Landrace","Ethiopia"
"C316","Ethiopia Tamiru Tadesse Natural","Landrace","Ethiopia"
"C317","Puna Arakawa Estate Lactic Natural","Caturra","Hawaii"
"C317","Puna Arakawa Estate Lactic Natural","Typica","Hawaii"
"C318","100% Kona Bourbon Pointu Laurina","Bourbon","Hawaii"
"C319","Colombia Java El Eden","Java","Colombia"
"C320","Ethiopia Shantawene Natural","Heirloom","Ethiopia"
"C321","Ethiopia Buno Dambi Uddo","Landrace","Ethiopia"
"C322","Ethiopia Worka Sakaro Anaerobic Natural","Landrace","Ethiopia"
"C323","Ethiopia Durato Bombe Natural","Landrace","Ethiopia"
"C324","SÖT Coffee Roaster Colombia Wush Wush Dynamic Natural","Wush Wush","Colombia"
"C326","Colombia La Siria Geisha","Geisha","Colombia"
"C327","Guatemala Santa Felisa Wild Yeast Natural Gesha","Geisha","Guatemala"
"C328","Colombia Granja La Esperanza Las Margaritas Gesha Honey","Geisha","Colombia"
"C328","Colombia Granja La Esperanza Las Margaritas Gesha Honey","Java","Colombia"
"C329","Tanzania Acacia Hills Gesha Peaberry","Geisha","Tanzania"
"C330","Colombia La Palma Y El Tucán Gesha Natural","Geisha","Colombia"
"C331","Peru Yanesha Geisha Washed Anaerobic","Geisha","Peru"
"C332","Guatemala Geisha","Geisha","Guatemala"
"C333","Costa Rica La Rejolla Washed Geisha","Geisha","Costa Rica"
"C335","El Salvador El Matazano Pacamara","Pacamara","El Salvador"
"C337","Chelbesa Ethiopia","Landrace","Ethiopia"
"C337","Chelbesa Ethiopia","Typica","Ethiopia"
"C340","Ethiopia Guji Uraga Tebe Burka Natural G1","Landrace","Ethiopia"
"C344","Ethiopia Yirgacheffe Washed Banko Gotiti 3","Landrace","Ethiopia"
"C345","Ethiopia Natural Yirgacheffe Adado Feysa Dira","Landrace","Ethiopia"
"C347","Guatemala El Injerto Natural Legendary Gesha 7","Geisha","Guatemala"
"C350","Ethiopia Worka Sakaro Anaerobic Natural","Landrace","Ethiopia"
"C352","Colombia La Esperanza Anaerobic","Caturra","Colombia"
"C353","Ethiopia Gogogu Bekaka #1","Landrace","Ethiopia"
"C354","Kenya Gichathaini","SL28","Kenya"
"C354","Kenya Gichathaini","SL34","Kenya"
"C354","Kenya Gichathaini","Ruiru 11","Kenya"
"C355","Elida Estate ASD Natural Catuai 15","Catuai","Panama"
"C356","Ethiopia Kochere Hama Jet Washing Station","Landrace","Ethiopia"
"C357","Elida Estate Dragonfly Catuai Lot 13","Catuai","Panama"
"C365","Kona Red Wine Process","Typica","Hawaii"
"C366","Candelilla Geisha Natural","Geisha","Costa Rica"
"C367","Kiamugumo Kenya","SL28","Kenya"
"C367","Kiamugumo Kenya","Batian","Kenya"
"C367","Kiamugumo Kenya","SL34","Kenya"
"C369","Colombia Gesha","Geisha","Colombia"
"C370","Ethiopia Kayon Mountain Washed","Landrace","Ethiopia"
"C371","Ethiopia Gedeb Worka Wuri","Landrace","Ethiopia"
"C373","Kenya Karatina","SL28","Kenya"
"C373","Kenya Karatina","Batian","Kenya"
"C373","Kenya Karatina","Ruiru 11","Kenya"
"C374","La Reforma El Salvador Natural","Bourbon","El Salvador"
"C375","Panama Geisha","Geisha","Panama"
"C376","Guatemala COE-NW#2 Sierra Roja Geisha Washed","Geisha","Guatemala"
"C377","Guatemala La Voz","Caturra","Guatemala"
"C377","Guatemala La Voz","Bourbon","Guatemala"
"C377","Guatemala La Voz","Typica","Guatemala"
"C381","Kenya Gatomboya","SL28","Kenya"
"C381","Kenya Gatomboya","SL34","Kenya"
"C382","Nicaragua La Bendicion Yellow Maracaturra Natural","Caturra","Nicaragua"
"C383","Kona Lactic Washed","Typica","Hawaii"
"C384","Kenya Kamwangi","Batian","Kenya"
"C384","Kenya Kamwangi","Ruiru 11","Kenya"
"C385","Ethiopia Bench Maji Gesha Village Oma Geisha 1931 Lot 55 Natural","Geisha","Ethiopia"
"C386","Ethiopia Guji Natural Euphora Special Lot","Landrace","Ethiopia"
"C389","Primavera Colombia Espresso","Java","Colombia"
"C395","Tanzania Gesha Peaberry","Geisha","Tanzania"
"C399","Ethiopia Guji Hambela Kudume Yellow Honey","Landrace","Ethiopia"
"C400","Ethiopia Sidamo Bensa Mirado Natural","Landrace","Ethiopia"
"C402","Ethiopia Yirgacheffe Botabaa Washed G1 21/01","Typica","Ethiopia"
"C403","Yemen Mocca Matari","Landrace","Yemen"
"C404","Mojave Vault Series Geisha Natural","Geisha","Panama"
"C405","Ethiopia Buku Abela","Landrace","Ethiopia"
"C406","Colombia Finca Santa Maria","Caturra","Colombia"
"C406","Colombia Finca Santa Maria","Typica","Colombia"
"C407","Yemen Mocha Haimi","Landrace","Yemen"
"C409","Colombia Wush Wush","Wush Wush","Colombia"
"C410","Brazil Gauriroba Natural","Catuai","Brazil"
"C411","Rwanda “Silverback Returns”","Bourbon","Rwanda"
"C412","Brazil Ipanema Golden Edition C26 Lychee","Caturra","Brazil"
"C415","El Jocote Natural","Caturra","Costa Rica"
"C416","Panama Finca Santa Teresa Summer Gesha","Geisha","Panama"
"C419","Ecuador San José de Minas Double-Anaerobic","Typica","Ecuador"
"C420","La Perla Chiquita Ecuador","Typica","Ecuador"
"C421","Las Flores Colombia","Bourbon","Colombia"
"C422","Nicaragua Yellow Pacamara Natural","Pacamara","Nicaragua"
"C423","Ethiopia West Arsi Nensebo Natural G1","Landrace","Ethiopia"
"C424","Ethiopia Sidama Bona Sweet Natural","Landrace","Ethiopia"
"C425","Congo Square","Bourbon","Democratic Republic of the Congo"
"C426","Rwanda Rulindo Tumba","Bourbon","Rwanda"
"C427","Tanzania Sambewe","KP423","Tanzania"
"C428","Rwanda Kinini Village Natural","Bourbon","Rwanda"
"C428","Rwanda Kinini Village Natural","Java","Rwanda"
"C430","Tanzania Ngila Estate SL28","SL28","Tanzania"
"C431","Ethiopia Washed Sidama Nafasha 74158 21/01","Landrace","Ethiopia"
"C432","Ethiopia Tibe Haro Uraga","Landrace","Ethiopia"
"C434","Ethiopia Natural Guji Blue Donkey 21/01","Landrace","Ethiopia"
"C437","Kenya AA Top Gathambi Station","SL28","Kenya"
"C437","Kenya AA Top Gathambi Station","SL34","Kenya"
"C438","Ethiopia Guji Gerba Station G1 Natural Espresso","Landrace","Ethiopia"
"C441","Kenya Karindudu AA","Batian","Kenya"
"C443","Ethiopia Guji Anaerobic","Wush Wush","Ethiopia"
"C445","La Soledad Colombia","Caturra","Colombia"
"C446","Colombia Huila Acevedo El Paraiso","Bourbon","Colombia"
"C447","Love of Desolate","Caturra","Costa Rica"
"C449","Ethiopia Niguse Gemeda Mude Natural","Landrace","Ethiopia"
"C450","La Estrella Carbonic Geisha Reserve","Geisha","Colombia"
"C451","Ethiopia Guji Wush Wush Anaerobic Natural","Wush Wush","Ethiopia"
"C452","Ethiopia Guji Wush Wush","Wush Wush","Ethiopia"
"C455","Ethiopia Yirgacheffe Israel Degfa Natural Gr.1","Heirloom","Ethiopia"
"C456","Panama Elida Estate Washed","Geisha","Panama"
"C457","Bourbon Barrel Aged Ethiopia Cold Brew","Bourbon","Ethiopia"
"C458","Kona Maragogype Natural","Maragogipe","Hawaii"
"C460","Ethiopia Natural Guji Hambella Wate Peaberry","Landrace","Ethiopia"
"C461","Ethiopia Guji Shakiso Dambi Udo Natural Anaerobic","Landrace","Ethiopia"
"C462","Ethiopia Natural Guji","Landrace","Ethiopia"
"C464","Ethiopia Guji Shakiso Dambi Udo Honey","Landrace","Ethiopia"
"C466","Colombia Pink Bourbon Honey","Bourbon","Colombia"
"C467","Kona SL34 Sweet Spot","SL34","Hawaii"
"C468","Haraaz Red","Heirloom","Yemen"
"C469","Panama Elida Green-Tip Geisha La Torre ASD","Geisha","Panama"
"C470","Kona Peaberry","Typica","Hawaii"
"C472","SL28","SL28","Hawaii"
"C473","Bourbon Pointu Natural","Bourbon","Hawaii"
"C474","Ethiopia Guji Hambela Buku Abel Slow Dry Natural 2400m","Landrace","Ethiopia"
"C476","Panama Boquete Flor De Mariposa Geisha Espresso","Geisha","Panama"
"C478","Colombia Monteblanco Geisha","Geisha","Colombia"
"C479","Ethiopia Gedeo Kochere Reko Natural","Landrace","Ethiopia"
"C482","Aged Sumatra Ulos Batak 2015","Typica","Indonesia"
"C483","Kona Uluwehi SL34","SL34","Hawaii"
"C484","Colombia Pink Bourbon Finca El Chaparote","Bourbon","Colombia"
"C485","Ethiopia Neja Fadil","Landrace","Ethiopia"
"C487","Panama Finca Santa Teresa Lot 9","Caturra","Panama"
"C487","Panama Finca Santa Teresa Lot 9","Catuai","Panama"
"C489","Ethiopia Halo Hartume Daniel Mijane","Typica","Ethiopia"
"C490","Colombia Cauca El Paraiso","Caturra","Colombia"
"C491","Taiwan Songyue Geisha","Geisha","Taiwan"
"C495","Ethiopia Sidamo Washed","Typica","Ethiopia"
"C496","Ethiopia Guji Uraga Washed","Landrace","Ethiopia"
"C499","Ethiopia Suke Quto Single-Origin Espresso","Landrace","Ethiopia"
"C501","Panama Pacamara Natural","Pacamara","Panama"
"C507","Trust the Process — Full Natural","Caturra","Colombia"
"C508","Colombia Finca El Caucho Pink Bourbon","Bourbon","Colombia"
"C509","Colombia Antioquia Natural Carbonic Maceration Caturra","Caturra","Colombia"
"C510","Colombia La Gallera Estate","Bourbon","Colombia"
"C512","Colombia Java El Edén Limited Edition","Java","Colombia"
"C513","Finca La Maria Geisha Natural","Geisha","Colombia"
"C514","Angamaza","Caturra","Ecuador"
"C514","Angamaza","Typica","Ecuador"
"C516","Kona Geisha Champagne Natural","Geisha","Hawaii"
"C517","Dafis Abafita Natural Ethiopia","Java","Ethiopia"
"C519","Ka’u Yellow Bourbon","Bourbon","Hawaii"
"C521","Kinini Village Rwanda","Bourbon","Rwanda"
"C521","Kinini Village Rwanda","Java","Rwanda"
"C525","Ethiopia Yirgacheffe Cleopatra Natural","Landrace","Ethiopia"
"C527","Guatemala Santa Felisa Solar Eclipse Gesha Natural","Geisha","Guatemala"
"C528","Coral","Pacamara","Peru"
"C531","Panama Hacienda La Esmeralda Gesha","Geisha","Panama"
"C533","Ethiopia Sidama Telamo FTO Natural","Landrace","Ethiopia"
"C536","Ethiopia Grade 1 Chelchele","Landrace","Ethiopia"
"C538","Taiwan Alishan Zhou-Zhu-Yuan Farm Estate Reserve Washed","Bourbon","Taiwan"
"C538","Taiwan Alishan Zhou-Zhu-Yuan Farm Estate Reserve Washed","Typica","Taiwan"
"C540","Panama Elida ASD Natural","Geisha","Panama"
"C541","Peru Yanesha Geisha","Geisha","Peru"
"C544","Kona Red Bourbon Anaerobic Washed Uluwehi Farm","Bourbon","Hawaii"
"C545","Wush Wush","Wush Wush","Ethiopia"
"C546","Honey Typica Anaerobic","Typica","Hawaii"
"C547","Geisha","Geisha","Hawaii"
"C548","Panama Abu Natural ASD Geisha BOP GN11","Geisha","Panama"
"C549","Ethiopia Kochere Boji","Landrace","Ethiopia"
"C550","Panama Finca Minerva-Mirage Pacamara BOP PAC04","Pacamara","Panama"
"C550","Panama Finca Minerva-Mirage Pacamara BOP PAC04","Typica","Panama"
"C551","Tanzania Shimiligwanda","Bourbon","Tanzania"
"C555","Ethiopia Yirgacheffe Natural Haru Suke G1","Landrace","Ethiopia"
"C556","Finca Sophia Gesha Washed","Geisha","Panama"
"C557","Colombia Granja La Esperanza Java Anaerobic","Java","Colombia"
"C558","Shantawene Ethiopia Daya Bensa Natural","Landrace","Ethiopia"
"C559","Kenya AA FAQ","SL28","Kenya"
"C559","Kenya AA FAQ","SL34","Kenya"
"C560","Ardent Ethiopia Natural","Landrace","Ethiopia"
"C563","GW01 Finca Sophia Olympus Geisha","Geisha","Panama"
"C565","Taiwan Geisha Honey","Geisha","Taiwan"
"C566","Camilina Geisha","Geisha","Panama"
"C567","Hacienda La Esmeralda Buenos Aires Geisha Natural","Geisha","Panama"
"C567","Hacienda La Esmeralda Buenos Aires Geisha Natural","Java","Panama"
"C568","Ethiopia Sidama Bona Washed G1","Landrace","Ethiopia"
"C570","Finca Santa Isabel","Caturra","Guatemala"
"C571","Finca San Carlos","Catuai","Guatemala"
"C571","Finca San Carlos","Bourbon","Guatemala"
"C572","Ethiopia Natural Guji D Minor Special Lot","Landrace","Ethiopia"
"C573","2020 Savage Auction Deborah Carbonic-Macerated Natural Geisha","Geisha","Panama"
"C575","Ethiopia Bombe Mountains","Landrace","Ethiopia"
"C577","Coffea Diversa Rume Sudan Winey","Landrace","Guatemala"
"C578","Hawai’i Puna Anaerobic Washed","Caturra","Hawaii"
"C578","Hawai’i Puna Anaerobic Washed","Typica","Hawaii"
"C579","Colombia Hacienda Casablanca","Geisha","Colombia"
"C580","Ethiopia Natural Guji Kercha Lot Riverside","Landrace","Ethiopia"
"C583","Buna Boka #1","Landrace","Ethiopia"
"C584","El Jardin","Caturra","Colombia"
"C585","Kenya Wachuri","Batian","Kenya"
"C585","Kenya Wachuri","Ruiru 11","Kenya"
"C586","Kenya Baragwi Guama AB","SL28","Kenya"
"C591","Kenya Thunguri AA","SL28","Kenya"
"C592","Kenya Kirinyaga Kabare Karani AA","SL28","Kenya"
"C592","Kenya Kirinyaga Kabare Karani AA","Batian","Kenya"
"C592","Kenya Kirinyaga Kabare Karani AA","SL34","Kenya"
"C592","Kenya Kirinyaga Kabare Karani AA","Ruiru 11","Kenya"
"C593","Kenya Kirinyaga Kii","SL28","Kenya"
"C593","Kenya Kirinyaga Kii","Batian","Kenya"
"C593","Kenya Kirinyaga Kii","SL34","Kenya"
"C593","Kenya Kirinyaga Kii","Ruiru 11","Kenya"
"C594","Kenya Rungeto","SL28","Kenya"
"C594","Kenya Rungeto","Batian","Kenya"
"C594","Kenya Rungeto","SL34","Kenya"
"C594","Kenya Rungeto","Ruiru 11","Kenya"
"C595","Kenya AA Top Gatomboya","SL28","Kenya"
"C595","Kenya AA Top Gatomboya","SL34","Kenya"
"C597","Ethiopia Banko Gotiti","Landrace","Ethiopia"
"C598","Ethiopia Yabitu Koba","Landrace","Ethiopia"
"C599","Ethiopia Banko Gotiti","Landrace","Ethiopia"
"C599","Ethiopia Banko Gotiti","Java","Ethiopia"
"C602","Colombia Asobombo Inza","Caturra","Colombia"
"C604","Panama Boquete Torre Lot #1 Geisha Honey","Geisha","Panama"
"C605","Yellow Caturra (special lot)","Caturra","Hawaii"
"C606","Hawai’i Kilauea Volcano Yeast Fermentation Washed","Caturra","Hawaii"
"C606","Hawai’i Kilauea Volcano Yeast Fermentation Washed","Typica","Hawaii"
"C607","Kona Pink Honey Black Rock Farm","Typica","Hawaii"
"C610","El Salvador Santa Elena Pacamara","Pacamara","El Salvador"
"C611","Ethiopia Sheka Kawo Kamina Natural","Landrace","Ethiopia"
"C614","Ethiopia Yirgacheffe Natural Farm Direct","Landrace","Ethiopia"
"C616","Colombia San Luís Gesha","Geisha","Colombia"
"C617","Karani Kenya","SL28","Kenya"
"C617","Karani Kenya","Batian","Kenya"
"C617","Karani Kenya","SL34","Kenya"
"C617","Karani Kenya","Ruiru 11","Kenya"
"C618","Miraflores Colombia","Caturra","Colombia"
"C621","Kenya Gicherori","Batian","Kenya"
"C621","Kenya Gicherori","Ruiru 11","Kenya"
"C628","Ka’u Red Caturra Peaberry","Caturra","Hawaii"
"C629","Wush Wush Ginbo Keffa Ethiopia","Wush Wush","Ethiopia"
"C630","Burundi Karehe","Bourbon","Burundi"
"C633","Estelí Nicaragua","Caturra","Nicaragua"
"C635","Colombia Finca El Roblar","Caturra","Colombia"
"C636","Guatemala Bella Carmona","Caturra","Guatemala"
"C636","Guatemala Bella Carmona","Bourbon","Guatemala"
"C637","Ethiopia Yirgacheffe Kochere Debo","Java","Ethiopia"
"C638","Kilauea Volcano Champagne Natural","Caturra","Hawaii"
"C638","Kilauea Volcano Champagne Natural","Typica","Hawaii"
"C639","Nicaragua La Benedicion SL28 Natural","SL28","Nicaragua"
"C640","Colombia Tolima Geisha","Geisha","Colombia"
"C642","Kenya AA Kirinyaga Kii","SL28","Kenya"
"C642","Kenya AA Kirinyaga Kii","SL34","Kenya"
"C643","Colombia Antioquia La Papaya Bourbon Chiroso","Bourbon","Colombia"
"C644","Karimiuki Espresso","SL28","Kenya"
"C644","Karimiuki Espresso","Batian","Kenya"
"C644","Karimiuki Espresso","SL34","Kenya"
"C644","Karimiuki Espresso","Ruiru 11","Kenya"
"C645","Karimiuki Kenya","SL28","Kenya"
"C645","Karimiuki Kenya","Batian","Kenya"
"C645","Karimiuki Kenya","SL34","Kenya"
"C645","Karimiuki Kenya","Ruiru 11","Kenya"
"C647","DR Congo, Gera Village, SOPACDI","Bourbon","Democratic Republic of the Congo"
"C648","El Floral Colombia","Caturra","Colombia"
"C649","El Salvador Geisha Natural","Geisha","El Salvador"
"C651","Taiwan Natural Alishan Zhuo-Wu Farm Geisha","Geisha","Taiwan"
"C656","Brazil Ipanema Black Edition A-41 Red Cherry","Typica","Brazil"
"C657","Costa Rica Hacienda Tobosi Copey Villa Sarchi Black Honey","Villa Sarchi","Costa Rica"
"C660","Red Bourbon Natural Exclusive Reserve","Bourbon","Hawaii"
"C663","Kona Classic Black Rock Farm","Typica","Hawaii"
"C665","Colombia Cauca At’e","Caturra","Colombia"
"C669","Ignacio Quintero Colombia","Caturra","Colombia"
"C670","Ka’u Giant Maragogipe","Maragogipe","Hawaii"
"C673","Kenya Embu Gicherori Factory AA Top","SL28","Kenya"
"C673","Kenya Embu Gicherori Factory AA Top","SL34","Kenya"
"C674","Colombia Finca Lord Baltimore Papayo","Landrace","Colombia"
"C675","Mocha Java","Java","Ethiopia"
"C675","Mocha Java","Java","Sumatra"
"C678","Kenya Tuikit Factory AA","SL28","Kenya"
"C678","Kenya Tuikit Factory AA","SL34","Kenya"
"C678","Kenya Tuikit Factory AA","Ruiru 11","Kenya"
"C679","Abu Natural Panama Geisha","Geisha","Panama"
"C682","Gesha Village Single-Variety Gesha Special Selection","Geisha","Ethiopia"
"C684","Monteblanco Cold Fermentation Geisha","Geisha","Colombia"
"C686","Yemen Al-Obbarat","Typica","Yemen"
"C687","Ecuador Quilanga Typica Yeast Fermentation","Typica","Ecuador"
"C689","Ethiopia Wush Wush","Wush Wush","Ethiopia"
"C691","Costa Rica Luis Campos Anaerobic","Caturra","Costa Rica"
"C692","Colombia Granja La Esperanza Tres Dragones","Java","Colombia"
"C693","Colombia Finca La Loma Microlot","Bourbon","Colombia"
"C695","Elida Natural Dragonfly Lot","Catuai","Panama"
"C696","Kona Laurina Pointu","Bourbon","Hawaii"
"C700","Kenya Kiri Peaberry","SL28","Kenya"
"C700","Kenya Kiri Peaberry","SL34","Kenya"
"C704","Panama Hacienda La Esmeralda Geisha Natural Special Auction ES-N-2","Geisha","Panama"
"C705","El Salvador Finca El Cerro Natural","Bourbon","El Salvador"
"C705","El Salvador Finca El Cerro Natural","Typica","El Salvador"
"C705","El Salvador Finca El Cerro Natural","Pacamara","El Salvador"
"C705","El Salvador Finca El Cerro Natural","Pacas","El Salvador"
"C705","El Salvador Finca El Cerro Natural","Maragogipe","El Salvador"
"C711","Panama Esmeralda Geisha Natural","Geisha","Panama"
"C713","Kenya FSC AB","SL28","Kenya"
"C713","Kenya FSC AB","Batian","Kenya"
"C713","Kenya FSC AB","SL34","Kenya"
"C713","Kenya FSC AB","Ruiru 11","Kenya"
"C714","Ceri Ceri Meriah Coffee","Java","Indonesia"
"C715","Alamendah Patuha Coffee","Java","Indonesia"
"C715","Alamendah Patuha Coffee","Typica","Indonesia"
"C720","Panama Esmeralda Geisha Portón Oro Yeast","Geisha","Panama"
"C725","Panama Elida Geisha Natural 1029","Geisha","Panama"
"C726","Port of Mokha Yemen JSP","Heirloom","Yemen"
"C727","Panama Elida Natural Catuai","Catuai","Panama"
"C732","Washed Geisha Hacienda La Esmeralda Jaramillo Special","Geisha","Panama"
"C733","Panama Perci Geisha Natural","Geisha","Panama"
"C734","Elida Estate Geisha Green-Tip Natural","Geisha","Panama"
"C736","Panama Hacienda La Esmeralda Super Mario Geisha","Geisha","Panama"
"C736","Panama Hacienda La Esmeralda Super Mario Geisha","Typica","Panama"
"C739","Gesha Village Lot #85 Natural","Geisha","Ethiopia"
"C739","Gesha Village Lot #85 Natural","Typica","Ethiopia"
"C743","Best of Panama GNEP-01 Elida Geisha Green Tip Natural","Geisha","Panama"
"C744","Geisha XO","Geisha","Colombia"
"C745","Colombia Finca La Maria Geisha Natural","Geisha","Colombia"
"C746","Panama Finca Kalithea Natural Geisha","Geisha","Panama"
"C747","Panama Hacienda La Esmeralda Super Mario 6 Geisha","Geisha","Panama"
"C748","Panama Geisha Alto Jaramillo","Geisha","Panama"
"C749","Colombia Laderas del Tapias Estate Natural Geisha","Geisha","Colombia"
"C750","Gesha Village Natural Lot #19","Geisha","Ethiopia"
"C750","Gesha Village Natural Lot #19","Typica","Ethiopia"
"C751","Gesha Village 1931 Lot 27","Geisha","Ethiopia"
"C754","Panama Finca San Sebastian","Catuai","Panama"
"C754","Panama Finca San Sebastian","Java","Panama"
"C759","El Salvador","Heirloom","El Salvador"
"C759","El Salvador","Bourbon","El Salvador"
"C760","Cup of Excellence Rwanda Champion","Bourbon","Rwanda"
"C763","Geisha Village Auction Lot #11","Geisha","Ethiopia"
"C765","Kenya Kimaruri","SL28","Kenya"
"C765","Kenya Kimaruri","Batian","Kenya"
"C765","Kenya Kimaruri","SL34","Kenya"
"C765","Kenya Kimaruri","Ruiru 11","Kenya"
"C767","Colombia Valle del Cauca Cerro Azul Geisha","Geisha","Colombia"
"C768","Green-Tip Geisha","Geisha","Mexico"
"C769","Barichu Double","SL28","Kenya"
"C769","Barichu Double","Batian","Kenya"
"C769","Barichu Double","SL34","Kenya"
"C769","Barichu Double","Ruiru 11","Kenya"
"C770","Rukera Kenya","K7","Kenya"
"C770","Rukera Kenya","Batian","Kenya"
"C770","Rukera Kenya","SL34","Kenya"
"C770","Rukera Kenya","SL28","Kenya"
"C770","Rukera Kenya","Ruiru 11","Kenya"
"C771","Rukera Espresso","K7","Kenya"
"C771","Rukera Espresso","Batian","Kenya"
"C771","Rukera Espresso","SL34","Kenya"
"C771","Rukera Espresso","SL28","Kenya"
"C771","Rukera Espresso","Ruiru 11","Kenya"
"C773","Espresso Mandarina","Bourbon","Ethiopia"
"C773","Espresso Mandarina","Bourbon","Congo"
"C774","SOB Espresso","Caturra","Colombia"
"C776","La Belleza Colombia","Caturra","Colombia"
"C777","Crystalina","Bourbon","Colombia"
"C779","Ninety Plus Gesha Estates JBC Custom Lot #252","Geisha","Panama"
"C780","La Palma Y El Tucan Hero Series Colombia Sidra Lot #190","Bourbon","Colombia"
"C780","La Palma Y El Tucan Hero Series Colombia Sidra Lot #190","Typica","Colombia"
"C781","Ka’u Champagne Natural","Caturra","Hawaii"
"C781","Ka’u Champagne Natural","Typica","Hawaii"
"C782","Monarch Gesha","Geisha","Hawaii"
"C784","Colombia Tolima Monteverde Estate Natural Wush Wush","Wush Wush","Colombia"
"C788","Gesha Rebecca Natural","Geisha","Ethiopia"
"C789","Café Granja La Esperanza Sudan Rume Natural","Java","Colombia"
"C794","Tanzania Tarime AB","KP423","Tanzania"
"C795","El Salvador Cerro Las Ranas Honey Espresso","Bourbon","El Salvador"
"C796","Panama Baru Geisha Black","Geisha","Panama"
"C799","Ethiopia Guji","Typica","Ethiopia"
"C802","Rwanda Kanzu","Heirloom","Rwanda"
"C802","Rwanda Kanzu","Bourbon","Rwanda"
"C806","Rwanda Mushonyi Natural","Bourbon","Rwanda"
"C809","Tanzania Ngorongoro Ridge Peaberry","Bourbon","Tanzania"
"C810","Ethiopia Haro Wachu","Typica","Ethiopia"
"C811","Banco Gotete Ethiopia","Typica","Ethiopia"
"C813","Honduras Las Flores Parainema","Parainema","Honduras"
"C814","Kivu DR Congo","Bourbon","Democratic Republic of the Congo"
"C815","Panama Ninety Plus Perci Lot 50","Geisha","Panama"
"C816","Colombia Sidra","Bourbon","Colombia"
"C816","Colombia Sidra","Typica","Colombia"
"C817","Colombia Geisha","Geisha","Colombia"
"C821","Kenya Karuthi AA","SL28","Kenya"
"C821","Kenya Karuthi AA","SL34","Kenya"
"C823","Ethiopia Kochere Washed Saona Lot","Typica","Ethiopia"
"C826","Colombia El Obraje Gesha","Geisha","Colombia"
"C828","Baru Gesha","Geisha","Panama"
"C829","Mama Cata Geisha Washed","Geisha","Panama"
"C835","Elida Estate Geisha Natural Dragonfly Reserve","Geisha","Panama"
"C836","Costa Rica Geisha Honey COE 2018 2nd Place","Geisha","Costa Rica"
"C837","Guatemala Pacamara Natural","Bourbon","Guatemala"
"C837","Guatemala Pacamara Natural","Typica","Guatemala"
"C837","Guatemala Pacamara Natural","Pacamara","Guatemala"
"C837","Guatemala Pacamara Natural","Pacas","Guatemala"
"C837","Guatemala Pacamara Natural","Maragogipe","Guatemala"
"C838","La Providencia Guatemala Maragogype","Maragogipe","Guatemala"
"C838","La Providencia Guatemala Maragogype","Typica","Guatemala"
"C841","Hacienda La Esmeralda Cabana Geisha Natural","Geisha","Panama"
"C842","Finca La Aurora Camilina Geisha","Geisha","Panama"
"C845","Kenya Baragwi Thimu Peaberry","SL28","Kenya"
"C845","Kenya Baragwi Thimu Peaberry","SL34","Kenya"
"C845","Kenya Baragwi Thimu Peaberry","Ruiru 11","Kenya"
"C847","Esmeralda Estate Porton Geisha Natural","Geisha","Panama"
"C849","Ethiopia Washed Phoenix Special “Muse”","Typica","Ethiopia"
"C852","Ethiopia Yirgacheffe Botabaa Washed","Typica","Ethiopia"
"C854","Ethiopia Gera Limmu Oromia","Typica","Ethiopia"
"C855","Kenya Kabare Konyu","SL28","Kenya"
"C855","Kenya Kabare Konyu","SL34","Kenya"
"C855","Kenya Kabare Konyu","Ruiru 11","Kenya"
"C856","Alemu Bukato Espresso","Typica","Ethiopia"
"C857","Tarime Tanzania","Bourbon","Tanzania"
"C858","Berlina Geisha","Geisha","Panama"
"C859","Gatugi Triple","SL28","Kenya"
"C859","Gatugi Triple","Batian","Kenya"
"C859","Gatugi Triple","SL34","Kenya"
"C859","Gatugi Triple","Ruiru 11","Kenya"
"C862","Guatemala Finca El General Lot ALT8 Espresso","Bourbon","Guatemala"
"C862","Guatemala Finca El General Lot ALT8 Espresso","Typica","Guatemala"
"C864","Finca El Socorro Maracaturra","Caturra","Guatemala"
"C864","Finca El Socorro Maracaturra","Bourbon","Guatemala"
"C864","Finca El Socorro Maracaturra","Pacamara","Guatemala"
"C864","Finca El Socorro Maracaturra","Pacas","Guatemala"
"C864","Finca El Socorro Maracaturra","Heirloom","Guatemala"
"C864","Finca El Socorro Maracaturra","Maragogipe","Guatemala"
"C865","Ethiopia Kochere Debo Washed Gellana","Typica","Ethiopia"
"C869","Red Bourbon Honey Cold Brew Coffee","Heirloom","Colombia"
"C869","Red Bourbon Honey Cold Brew Coffee","Bourbon","Colombia"
"C870","Karimikui Espresso","Batian","Kenya"
"C870","Karimikui Espresso","SL34","Kenya"
"C870","Karimikui Espresso","SL28","Kenya"
"C870","Karimikui Espresso","Heirloom","Kenya"
"C870","Karimikui Espresso","Ruiru 11","Kenya"
"C872","Costa Rica Cumbres Del Poas “Perla Negra” Natural","Caturra","Costa Rica"
"C876","Gesha Village Lot #25","Geisha","Ethiopia"
"C877","Costa Rica Perla Negra","Caturra","Costa Rica"
"C883","Kenya Embu Uteuzi Jimbo","SL28","Kenya"
"C883","Kenya Embu Uteuzi Jimbo","Heirloom","Kenya"
"C883","Kenya Embu Uteuzi Jimbo","SL34","Kenya"
"C883","Kenya Embu Uteuzi Jimbo","Ruiru 11","Kenya"
"C884","DR Congo FTO Bourbon SOPACDI","Bourbon","Democratic Republic of the Congo"
"C885","Tarime Tanzania","Bourbon","Tanzania"
"C886","Kiniyota Espresso","Heirloom","Burundi"
"C886","Kiniyota Espresso","Bourbon","Burundi"
"C887","El Obraje Geisha","Geisha","Colombia"
"C890","Yemen Microlot","Heirloom","Yemen"
"C891","Lycello by Ninety Plus","Geisha","Panama"
"C892","Lotus by Ninety Plus","Geisha","Panama"
"C893","Karen J Red Bourbon","Bourbon","Hawaii"
"C898","Yemen Port of Mokha Al-Durrar","Heirloom","Yemen"
"C899","Finca La Maria Geisha Natural","Geisha","Colombia"
"C903","Panama Baru Geisha Honey by Joseph","Geisha","Panama"
"C904","Panama Baru Geisha Natural by Joseph","Geisha","Panama"
"C905","Burundi Buhorwa","Heirloom","Burundi"
"C905","Burundi Buhorwa","Bourbon","Burundi"
"C909","Sumatra Mutu Batak","S795","Indonesia"
"C911","Kiniyota Burundi","Heirloom","Burundi"
"C911","Kiniyota Burundi","Bourbon","Burundi"
"C915","Guatemala Retiro Natural Process","Heirloom","Guatemala"
"C915","Guatemala Retiro Natural Process","Bourbon","Guatemala"
"C915","Guatemala Retiro Natural Process","Typica","Guatemala"
"C920","Panama Auromar Estate Geisha Peaberry","Geisha","Panama"
"C921","Panama Finca Hartmann Geisha Natural","Geisha","Panama"
"C922","Mini-Me Washed Kaffa Forest","Typica","Ethiopia"
"C925","Blue Label La Esmeralda Porton Pascua Gesha","Geisha","Panama"
"C926","David Mburu Kenya","SL28","Kenya"
"C926","David Mburu Kenya","SL34","Kenya"
"C926","David Mburu Kenya","Ruiru 11","Kenya"
"C927","El Peñon Nicaragua","Catuai","Nicaragua"
"C928","Kenya Chorongi Peaberry","SL28","Kenya"
"C928","Kenya Chorongi Peaberry","Batian","Kenya"
"C928","Kenya Chorongi Peaberry","SL34","Kenya"
"C928","Kenya Chorongi Peaberry","Ruiru 11","Kenya"
"C929","Kenya Riakiberu AB","SL28","Kenya"
"C929","Kenya Riakiberu AB","Bourbon","Kenya"
"C930","Yule Blend 2018","SL28","Kenya"
"C930","Yule Blend 2018","Ruiru 11","Kenya"
"C931","Kenya Thaitu","SL28","Kenya"
"C931","Kenya Thaitu","SL34","Kenya"
"C931","Kenya Thaitu","Ruiru 11","Kenya"
"C933","Panama Auromar Geisha Natural","Geisha","Panama"
"C934","El Salvador Finca Kilimanjaro","SL28","El Salvador"
"C935","Panama Elida Green Tip Gesha Natural","Geisha","Panama"
"C935","Panama Elida Green Tip Gesha Natural","Catuai","Panama"
"C937","Panama Don Julian Pacamara","Bourbon","Panama"
"C937","Panama Don Julian Pacamara","Pacamara","Panama"
"C937","Panama Don Julian Pacamara","Pacas","Panama"
"C937","Panama Don Julian Pacamara","Heirloom","Panama"
"C937","Panama Don Julian Pacamara","Maragogipe","Panama"
"C938","Kenya AB Muchoki","Bourbon","Kenya"
"C938","Kenya AB Muchoki","Ruiru 11","Kenya"
"C939","Geisha Panama Santamaria Natural","Geisha","Panama"
"C940","100% Kona SL-28","Bourbon","Hawaii"
"C944","Kenya Mutungati","SL28","Kenya"
"C944","Kenya Mutungati","SL34","Kenya"
"C944","Kenya Mutungati","Ruiru 11","Kenya"
"C951","El Aquila Pacamara Espresso","Bourbon","El Salvador"
"C951","El Aquila Pacamara Espresso","Pacamara","El Salvador"
"C951","El Aquila Pacamara Espresso","Pacas","El Salvador"
"C951","El Aquila Pacamara Espresso","Heirloom","El Salvador"
"C951","El Aquila Pacamara Espresso","Maragogipe","El Salvador"
"C952","Guatemala Finca El Injerto Gesha","Geisha","Guatemala"
"C953","Kenya Gatomboya AA","SL28","Kenya"
"C953","Kenya Gatomboya AA","SL34","Kenya"
"C955","A.G.E. Duetto Espresso","Geisha","Ethiopia"
"C955","A.G.E. Duetto Espresso","Geisha","Panama"
"C956","Kenya Nyeri Hill Farm","SL28","Kenya"
"C956","Kenya Nyeri Hill Farm","SL34","Kenya"
"C957","Jinotega Geisha","Geisha","Nicaragua"
"C958","Nicaragua Un Regalo de Dios Bourbon","Bourbon","Nicaragua"
"C960","Halo Beriti Ethiopia","Typica","Ethiopia"
"C961","Ethiopia Konga Sede","Typica","Ethiopia"
"C964","Shine Day El Salvador","Bourbon","El Salvador"
"C966","Guatemala Finca El General Espresso","Bourbon","Guatemala"
"C966","Guatemala Finca El General Espresso","Typica","Guatemala"
"C967","Kenya Boma Peaberry","SL28","Kenya"
"C967","Kenya Boma Peaberry","Batian","Kenya"
"C967","Kenya Boma Peaberry","SL34","Kenya"
"C967","Kenya Boma Peaberry","Ruiru 11","Kenya"
"C969","Kenya Boma AA","SL28","Kenya"
"C969","Kenya Boma AA","Batian","Kenya"
"C969","Kenya Boma AA","SL34","Kenya"
"C969","Kenya Boma AA","Ruiru 11","Kenya"
"C970","Colombia Finca Campoalegre","Caturra","Colombia"
"C971","Panama Geisha","Geisha","Panama"
"C972","Esmeralda Special Auction Washed Geisha","Geisha","Panama"
"C973","Gesha Village 1931, Lot 86","Geisha","Ethiopia"
"C974","Gesha Village Natural Oma Block Lot 72","Geisha","Ethiopia"
"C975","Gesha Village Lot 76 Nasha Block","Geisha","Ethiopia"
"C976","Gesha Village Auction Lot 26 Gori Gesha Natural","Geisha","Ethiopia"
"C977","Carmen Geisha El Palomar Best of Panama #4 Carlos Aguilera","Geisha","Panama"
"C978","Karuthi Espresso","SL28","Kenya"
"C978","Karuthi Espresso","SL34","Kenya"
"C979","Chelelektu Espresso","Typica","Ethiopia"
"C980","Karuthi Kenya","SL28","Kenya"
"C980","Karuthi Kenya","SL34","Kenya"
"C981","Finca El Obraje Colombia Gesha","Geisha","Colombia"
"C982","Kenya AA Top Nyeri Tekangu Tegu Microlot","SL28","Kenya"
"C982","Kenya AA Top Nyeri Tekangu Tegu Microlot","SL34","Kenya"
"C985","Kapsakiso Kenya","SL28","Kenya"
"C985","Kapsakiso Kenya","SL34","Kenya"
"C987","Ninety Plus Gesha Estates Limited Batch #227","Geisha","Panama"
"C988","Makwa Kenya AB","Bourbon","Kenya"
"C988","Makwa Kenya AB","Ruiru 11","Kenya"
"C990","Kenya Ndaroini AA","SL28","Kenya"
"C990","Kenya Ndaroini AA","SL34","Kenya"
"C991","El Salvador Finca Kilimanjaro Natural","SL28","El Salvador"
"C992","Kamagogo Kenya","SL28","Kenya"
"C992","Kamagogo Kenya","SL34","Kenya"
"C994","El Salvador Finca Kilimanjaro Cascara Fermentation Aida Batlle","SL28","El Salvador"
"C995","Puna Natural","Caturra","Hawaii"
"C995","Puna Natural","Catuai","Hawaii"
"C995","Puna Natural","Pache","Hawaii"
"C995","Puna Natural","Bourbon","Hawaii"
"C996","Colombia La Palma Y El Tucan Gesha","Geisha","Colombia"
"C997","Bourbon Peaberry","Heirloom","Hawaii"
"C997","Bourbon Peaberry","Bourbon","Hawaii"
"C999","Gesha Village Estate Bench Maji Gesha G1","Geisha","Ethiopia"
"C1000","Bourbon-Barrel-Aged Kenya Baragu","Bourbon","Kenya"
"C1003","Kenya Kabare AA","SL28","Kenya"
"C1003","Kenya Kabare AA","SL34","Kenya"
"C1004","Gesha, Gesha Village 1931","Geisha","Ethiopia"
"C1007","Ethiopia Guji Shakiso Danbi Uddo","Typica","Ethiopia"
"C1009","Yirgacheffe G1 Idido","Typica","Ethiopia"
"C1010","Yemen Port of Mokha Hayma Microlot","Heirloom","Yemen"
"C1011","Edgar Motta Colombia Pink Bourbon","Bourbon","Colombia"
"C1013","Panama La Esmeralda Noria Enero Geisha","Geisha","Panama"
"C1014","Rwanda Bufcafe","Bourbon","Rwanda"
"C1018","Mora Negra Geisha Hartmann Farm","Geisha","Panama"
"C1019","Gori Gesha Forest","Geisha","Ethiopia"
"C1021","Panama Camilina Natural Geisha","Geisha","Panama"
"C1022","Kenya Nyeri Thageini Peaberry","SL28","Kenya"
"C1022","Kenya Nyeri Thageini Peaberry","SL34","Kenya"
"C1024","Hawaii Kilauea Volcano Nano-Lot","Caturra","Hawaii"
"C1024","Hawaii Kilauea Volcano Nano-Lot","Typica","Hawaii"
"C1026","Esmeralda Noria Natural","Geisha","Panama"
"C1028","Duncan Estate Panamanian Gesha","Geisha","Panama"
"C1030","Ethiopia Yirgacheffe","Typica","Ethiopia"
"C1031","Ethiopia Washed Yirgacheffe “Paradise” Espresso","Typica","Ethiopia"
"C1032","Kenya Lenana","Heirloom","Kenya"
"C1033","“Mini-Me” Washed Yirgacheffe","Typica","Ethiopia"
"C1036","Los Congos Pacamara Natural","Bourbon","Nicaragua"
"C1036","Los Congos Pacamara Natural","Pacamara","Nicaragua"
"C1036","Los Congos Pacamara Natural","Pacas","Nicaragua"
"C1036","Los Congos Pacamara Natural","Heirloom","Nicaragua"
"C1036","Los Congos Pacamara Natural","Maragogipe","Nicaragua"
"C1037","Granja La Esperanza Colombia","Pacamara","Colombia"
"C1040","Pacamara Finca Los Planes El Salvador","Pacamara","El Salvador"
"C1041","Kenya Karindundu","Ruiru 11","Kenya"
"C1042","Panama Finca Las Brujas Geisha Natural","Geisha","Panama"
"C1043","P.r.o. Coffee Ethiopia Yirgacheffe","Typica","Ethiopia"
"C1046","Laura’s Reserve SL-28","Bourbon","Hawaii"
"C1047","Panama Finca Mama Cata Microlot Tona","Geisha","Panama"
"C1047","Panama Finca Mama Cata Microlot Tona","Catuai","Panama"
"C1047","Panama Finca Mama Cata Microlot Tona","Typica","Panama"
"C1049","Meaza Ethiopia","Typica","Ethiopia"
"C1051","Las Lajas Perla Negra Natural","Caturra","Costa Rica"
"C1051","Las Lajas Perla Negra Natural","Catuai","Costa Rica"
"C1052","Ninety Plus Silvia Solkiln N2","Geisha","Panama"
"C1055","Kenya Karatu","SL28","Kenya"
"C1055","Kenya Karatu","Bourbon","Kenya"
"C1055","Kenya Karatu","SL34","Kenya"
"C1060","Kenya Gatomboya Peaberry","SL28","Kenya"
"C1060","Kenya Gatomboya Peaberry","SL34","Kenya"
"C1061","Elida Natural “Dragonfly Lot”","Catuai","Panama"
"C1062","Worka Ethiopia","Typica","Ethiopia"
"C1064","Ethiopia Hambela Washed","Typica","Ethiopia"
"C1065","Kenya Muranga Gondo AA","SL28","Kenya"
"C1065","Kenya Muranga Gondo AA","Bourbon","Kenya"
"C1067","Washed Yirgacheffe Aramo Alemayehu Berhanu","Typica","Ethiopia"
"C1070","Passport Collection Kenya Ichamara","SL28","Kenya"
"C1070","Passport Collection Kenya Ichamara","Bourbon","Kenya"
"C1070","Passport Collection Kenya Ichamara","SL34","Kenya"
"C1073","Sumatra Black Panther","Typica","Indonesia"
"C1074","Sumatra Lintong Mutu Batak","S795","Indonesia"
"C1077","Deri Kochoha Espresso","Heirloom","Ethiopia"
"C1078","Camilina Geisha Auromar Natural","Geisha","Panama"
"C1080","Deri Kochoha Ethiopia","Heirloom","Ethiopia"
"C1080","Deri Kochoha Ethiopia","Typica","Ethiopia"
"C1081","Cachajinas Guatemala Huehuetenango","Caturra","Guatemala"
"C1081","Cachajinas Guatemala Huehuetenango","Bourbon","Guatemala"
"C1082","Ethiopia Yirgacheffe Goro","Typica","Ethiopia"
"C1083","Ethiopia Yirgacheffe Reko","Typica","Ethiopia"
"C1084","Costa Rica Alberto Guardia Bourbon Natural","Heirloom","Costa Rica"
"C1084","Costa Rica Alberto Guardia Bourbon Natural","Bourbon","Costa Rica"
"C1085","Colombia San Adolfo","Bourbon","Colombia"
"C1085","Colombia San Adolfo","Typica","Colombia"
"C1086","Brazil Estancia Telese","Bourbon","Brazil"
"C1087","Brazil Fazenda Passeio Natural","Mundo Novo","Brazil"
"C1087","Brazil Fazenda Passeio Natural","Catuai","Brazil"
"C1088","Kenya Nyeri Gatugi AA","SL28","Kenya"
"C1088","Kenya Nyeri Gatugi AA","SL34","Kenya"
"C1088","Kenya Nyeri Gatugi AA","Ruiru 11","Kenya"
"C1089","Panama La Esmeralda Bosque Geisha","Geisha","Panama"
"C1090","Ethiopia Yirgacheffe Kebele Kochore","Typica","Ethiopia"
"C1091","El Sitio Ecuador","Typica","Ecuador"
"C1092","Harfusa Espresso","Typica","Ethiopia"
"C1093","SOPACDI Congo","Bourbon","Democratic Republic of the Congo"
"C1094","Reserve Panama Geisha Hacienda La Esmeralda","Geisha","Panama"
"C1096","Bean Brain Reserve Suke Quto Ethiopia Sidamo Espresso","Typica","Ethiopia"
"C1097","Hambela Ethiopia","Typica","Ethiopia"
"C1099","Ecuador Juan Peña","Typica","Ecuador"
"C1103","100% Kona Bourbon Pointu Laurina","Bourbon","Hawaii"
"C1104","Costa Rica Alberto Guardia Venecia Natural","Caturra","Costa Rica"
"C1104","Costa Rica Alberto Guardia Venecia Natural","Venecia","Costa Rica"
"C1105","Adame Gorbota Espresso","Typica","Ethiopia"
"C1106","El Aguila Pacamara Espresso","Bourbon","El Salvador"
"C1106","El Aguila Pacamara Espresso","Pacamara","El Salvador"
"C1106","El Aguila Pacamara Espresso","Pacas","El Salvador"
"C1106","El Aguila Pacamara Espresso","Heirloom","El Salvador"
"C1106","El Aguila Pacamara Espresso","Maragogipe","El Salvador"
"C1110","Adame Gorbota Ethiopia","Typica","Ethiopia"
"C1111","Ethiopia Yirgacheffe Adado","Typica","Ethiopia"
"C1113","Kenya AA Nyeri Tambaya","SL28","Kenya"
"C1113","Kenya AA Nyeri Tambaya","SL34","Kenya"
"C1114","Costa Rica Las Lajas Red Honey","Caturra","Costa Rica"
"C1114","Costa Rica Las Lajas Red Honey","Catuai","Costa Rica"
"C1115","Bernachon Panama Geisha","Geisha","Panama"
"C1116","Panama La Esmeralda Geisha Bosque Natural","Geisha","Panama"
"C1117","Harfusa Ethiopia Yirgacheffe Fair Trade Organic","Typica","Ethiopia"
"C1119","Panama Don Pepe Estate Geisha Single-Origin Espresso","Geisha","Panama"
"C1122","El Salvador Finca Medrano Pacamara Nohemi Ventura","Bourbon","El Salvador"
"C1122","El Salvador Finca Medrano Pacamara Nohemi Ventura","Pacamara","El Salvador"
"C1122","El Salvador Finca Medrano Pacamara Nohemi Ventura","Pacas","El Salvador"
"C1122","El Salvador Finca Medrano Pacamara Nohemi Ventura","Heirloom","El Salvador"
"C1122","El Salvador Finca Medrano Pacamara Nohemi Ventura","Maragogipe","El Salvador"
"C1123","Ethiopia Jimma Agaro","Typica","Ethiopia"
"C1128","Panama Lino Esmeralda Geisha Natural","Geisha","Panama"
"C1129","Ethiopia Sidama Akrabi","Typica","Ethiopia"
"C1131","Kenya Embu Gakui Peaberry","SL28","Kenya"
"C1131","Kenya Embu Gakui Peaberry","Heirloom","Kenya"
"C1131","Kenya Embu Gakui Peaberry","SL34","Kenya"
"C1131","Kenya Embu Gakui Peaberry","Ruiru 11","Kenya"
"C1132","Kenya AA Kigwandi Estate","SL28","Kenya"
"C1132","Kenya AA Kigwandi Estate","Heirloom","Kenya"
"C1132","Kenya AA Kigwandi Estate","SL34","Kenya"
"C1133","Ethiopia Yirgacheffe Buna Ababa","Typica","Ethiopia"
"C1134","Panama Don Pepe Fully Washed Geisha","Geisha","Panama"
"C1136","Finca La Mula Panama Geisha","Geisha","Panama"
"C1138","Black House","Java","Indonesia"
"C1139","Kenya Gachatha AA","Bourbon","Kenya"
"C1140","Burundi Kayanza Province Mpanga Washing Station","Heirloom","Burundi"
"C1140","Burundi Kayanza Province Mpanga Washing Station","Bourbon","Burundi"
"C1141","Ethiopia Yirgacheffe Dabub Matebya","Typica","Ethiopia"
"C1143","El Salvador Finca Loma La Gloria","Bourbon","El Salvador"
"C1143","El Salvador Finca Loma La Gloria","Pacamara","El Salvador"
"C1143","El Salvador Finca Loma La Gloria","Pacas","El Salvador"
"C1143","El Salvador Finca Loma La Gloria","Heirloom","El Salvador"
"C1143","El Salvador Finca Loma La Gloria","Maragogipe","El Salvador"
"C1145","Ethiopia Washed Limu Gera","Typica","Ethiopia"
"C1149","Costa Rica Sonora Bourbon Natural","Heirloom","Costa Rica"
"C1149","Costa Rica Sonora Bourbon Natural","Bourbon","Costa Rica"
"C1150","The Secret Coffee","Typica","Ethiopia"
"C1155","Sweet Maria’s Acatenango Gesha","Geisha","Guatemala"
"C1156","Keremara AA Kenya","SL28","Kenya"
"C1158","Ethiopia Yirgacheffe Gedeo","Typica","Ethiopia"
"C1161","Ethiopian Washed Kochere G1 SO Espresso","Typica","Ethiopia"
"C1162","Colombia Granja La Esperanza Grand Cru Mokka","Typica","Colombia"
"C1163","Panama Esmeralda Geisha","Geisha","Panama"
"C1165","Milepost Kenya Nyeri Ruarai","SL28","Kenya"
"C1165","Milepost Kenya Nyeri Ruarai","Heirloom","Kenya"
"C1165","Milepost Kenya Nyeri Ruarai","SL34","Kenya"
"C1165","Milepost Kenya Nyeri Ruarai","Ruiru 11","Kenya"
"C1166","Kenya Thiriku","SL28","Kenya"
"C1166","Kenya Thiriku","Heirloom","Kenya"
"C1166","Kenya Thiriku","SL34","Kenya"
"C1169","Ethiopia Biloya Organic","Typica","Ethiopia"
"C1170","Organic Ethiopian Worka Special Prep","Typica","Ethiopia"
"C1171","Ethiopia Washed Yirgacheffe Alemu Station","Typica","Ethiopia"
"C1173","Kenya Nyeri Tambaya Peaberry","SL28","Kenya"
"C1173","Kenya Nyeri Tambaya Peaberry","SL34","Kenya"
"C1176","Ethiopia Suke Quto Organic","Typica","Ethiopia"
"C1178","Esmeralda Leon Natural Geisha","Geisha","Panama"
"C1182","Kenya Nyeri Rukira AB","SL28","Kenya"
"C1182","Kenya Nyeri Rukira AB","Heirloom","Kenya"
"C1182","Kenya Nyeri Rukira AB","SL34","Kenya"
"C1182","Kenya Nyeri Rukira AB","Ruiru 11","Kenya"
"C1183","Auromar Camilina Geisha","Geisha","Panama"
"C1184","Holiday Blend","Heirloom","Kenya"
"C1184","Holiday Blend","Heirloom","El Salvador"
"C1184","Holiday Blend","Bourbon","Kenya"
"C1184","Holiday Blend","Bourbon","El Salvador"
"C1186","Panama Geisha Holiday Blend","Geisha","Panama"
"C1187","Panama Esmeralda Especial Geisha Bosque 2","Geisha","Panama"
"C1188","Gratitude Special Blend","Geisha","America"
"C1189","Nicaragua Pacamara Reserve Los Congos","Bourbon","Nicaragua"
"C1189","Nicaragua Pacamara Reserve Los Congos","Pacamara","Nicaragua"
"C1189","Nicaragua Pacamara Reserve Los Congos","Pacas","Nicaragua"
"C1189","Nicaragua Pacamara Reserve Los Congos","Heirloom","Nicaragua"
"C1189","Nicaragua Pacamara Reserve Los Congos","Maragogipe","Nicaragua"
"C1190","Kenya Muthonjo AA","SL28","Kenya"
"C1190","Kenya Muthonjo AA","SL34","Kenya"
"C1192","Perci Red Panama Gesha","Geisha","Panama"
"C1194","Ethiopia Yirgacheffe Gutiti","Typica","Ethiopia"
"C1197","Seasonal Mini-Me Yirgacheffe Washed","Typica","Ethiopia"
"C1198","Panama Mama Cata Natural","Geisha","Panama"
"C1199","High Mountain Red Bourbon","Heirloom","Hawaii"
"C1199","High Mountain Red Bourbon","Bourbon","Hawaii"
"C1200","Nicaragua Pacamara Reserve Los Congos","Bourbon","Nicaragua"
"C1200","Nicaragua Pacamara Reserve Los Congos","Pacamara","Nicaragua"
"C1200","Nicaragua Pacamara Reserve Los Congos","Pacas","Nicaragua"
"C1200","Nicaragua Pacamara Reserve Los Congos","Heirloom","Nicaragua"
"C1200","Nicaragua Pacamara Reserve Los Congos","Maragogipe","Nicaragua"
"C1201","Panama Duncan Natural Gesha","Geisha","Panama"
"C1202","Guatemala Acatenango Gesha","Geisha","Guatemala"
"C1203","Kenya Kigwandi AA","SL28","Kenya"
"C1203","Kenya Kigwandi AA","Bourbon","Kenya"
"C1203","Kenya Kigwandi AA","SL34","Kenya"
"C1204","Ethiopia Homacho Waeno","Typica","Ethiopia"
"C1205","Colombia Granja Esperanza Gesha AAA","Geisha","Colombia"
"C1206","Kenya Mathew Mugo","SL28","Kenya"
"C1206","Kenya Mathew Mugo","SL34","Kenya"
"C1206","Kenya Mathew Mugo","Bourbon","Kenya"
"C1206","Kenya Mathew Mugo","Typica","Kenya"
"C1208","Kenya Nyeri","SL28","Kenya"
"C1208","Kenya Nyeri","Bourbon","Kenya"
"C1208","Kenya Nyeri","SL34","Kenya"
"C1210","Kenya AA Giakanja","SL28","Kenya"
"C1210","Kenya AA Giakanja","Bourbon","Kenya"
"C1210","Kenya AA Giakanja","SL34","Kenya"
"C1211","Ethiopia Chele’ Lektu","Typica","Ethiopia"
"C1213","Kochoha Espresso","Heirloom","Ethiopia"
"C1214","Kenya Nyeri Giakanja","SL28","Kenya"
"C1214","Kenya Nyeri Giakanja","Bourbon","Kenya"
"C1214","Kenya Nyeri Giakanja","SL34","Kenya"
"C1215","Perci N2 L39","Geisha","Panama"
"C1218","Panama Ironman Camilina Geisha","Geisha","Panama"
"C1219","Panama Estate Reserve: Elida Estate Natural","Catuai","Panama"
"C1220","Byron’s Maracaturra Natural Nicaragua","Caturra","Nicaragua"
"C1220","Byron’s Maracaturra Natural Nicaragua","Bourbon","Nicaragua"
"C1220","Byron’s Maracaturra Natural Nicaragua","Pacamara","Nicaragua"
"C1220","Byron’s Maracaturra Natural Nicaragua","Pacas","Nicaragua"
"C1220","Byron’s Maracaturra Natural Nicaragua","Heirloom","Nicaragua"
"C1220","Byron’s Maracaturra Natural Nicaragua","Maragogipe","Nicaragua"
"C1221","Panama Chiriqui Finca Santa Teresa Geisha","Geisha","Panama"
"C1223","Panama La Berlina Typica Natural","Typica","Panama"
"C1224","Costa Rica Flor de Santos Bourbon Natural","Heirloom","Costa Rica"
"C1224","Costa Rica Flor de Santos Bourbon Natural","Bourbon","Costa Rica"
"C1225","Panama NPGE Perci N2","Geisha","Panama"
"C1226","El Salvador Cerro Las Ranas Espresso","Heirloom","El Salvador"
"C1226","El Salvador Cerro Las Ranas Espresso","Bourbon","El Salvador"
"C1227","Kii Kenya","Bourbon","Kenya"
"C1228","Ethiopia Boke Washed Grade 1","Typica","Ethiopia"
"C1230","Kenya Kahiriga","SL28","Kenya"
"C1230","Kenya Kahiriga","Bourbon","Kenya"
"C1230","Kenya Kahiriga","SL34","Kenya"
"C1231","Ready-to-Drink Coffee Cold Brew","Typica","Ethiopia"
"C1232","Elida Estate Panama","Catuai","Panama"
"C1235","Washed Yirgacheffe","Typica","Ethiopia"
"C1237","Ethiopia Yirgacheffe Kore Kochore","Typica","Ethiopia"
"C1238","SO Espresso Brazil Fazenda Rainha Natural","Typica","Brazil"
"C1241","Celinga Ethiopia","Typica","Ethiopia"
"C1242","Celinga Ethiopia Espresso","Typica","Ethiopia"
"C1244","Ethiopia Moplaco Yirgacheffe","Typica","Ethiopia"
"C1246","Kenya Nyeri Tambaya AA","SL28","Kenya"
"C1246","Kenya Nyeri Tambaya AA","SL34","Kenya"
"C1248","Colombia Cerro Azul Geisha","Geisha","Colombia"
"C1249","Colombia Cerro Azul Enano","Geisha","Colombia"
"C1253","Ethiopia Gedeo Yirgacheffe","Typica","Ethiopia"
"C1254","Rwanda Karongi Gitesi","Heirloom","Rwanda"
"C1254","Rwanda Karongi Gitesi","Bourbon","Rwanda"
"C1257","Kenya Makwa AB","Bourbon","Kenya"
"C1257","Kenya Makwa AB","Ruiru 11","Kenya"
"C1258","Kenya Kabare AB","SL28","Kenya"
"C1258","Kenya Kabare AB","SL34","Kenya"
"C1258","Kenya Kabare AB","Ruiru 11","Kenya"
"C1259","El Salvador Santa Elena Honey Pacamara","Bourbon","El Salvador"
"C1259","El Salvador Santa Elena Honey Pacamara","Pacamara","El Salvador"
"C1259","El Salvador Santa Elena Honey Pacamara","Pacas","El Salvador"
"C1259","El Salvador Santa Elena Honey Pacamara","Heirloom","El Salvador"
"C1259","El Salvador Santa Elena Honey Pacamara","Maragogipe","El Salvador"
"C1260","Kenya Makwa AB","Bourbon","Kenya"
"C1260","Kenya Makwa AB","Ruiru 11","Kenya"
"C1261","Ethiopia Yirgacheffe ECX Auction Lot","Typica","Ethiopia"
"C1264","Ethiopia Washed Yirgacheffe “Mini-Me” 2014","Typica","Ethiopia"
"C1265","Panama Los Lajones Bambu Geisha","Geisha","Panama"
"C1267","Panama Gesha Perci Red","Geisha","Panama"
"C1268","Organic Ethiopian Yirgacheffe Idido","Typica","Ethiopia"
"C1269","Holiday Blend","Typica","Indonesia"
"C1270","Panama Finca La Mula Geisha Natural","Geisha","Panama"
"C1272","Ethiopia Washed Yirgacheffe Mini-Me","Typica","Ethiopia"
"C1275","Lennette Kenya","SL28","Kenya"
"C1275","Lennette Kenya","Heirloom","Kenya"
"C1279","Makwa Kenya Nyeri","SL28","Kenya"
"C1280","Panama Los Lajones Bambu Geisha Natural","Geisha","Panama"
"C1281","Juliette Red Ninety Plus Gesha Estate Panama","Geisha","Panama"
"C1284","Panama Gesha Ninety Plus Perci Red","Geisha","Panama"
"C1285","El Agulia Pacamara El Salvador","Bourbon","El Salvador"
"C1285","El Agulia Pacamara El Salvador","Pacamara","El Salvador"
"C1285","El Agulia Pacamara El Salvador","Pacas","El Salvador"
"C1285","El Agulia Pacamara El Salvador","Heirloom","El Salvador"
"C1285","El Agulia Pacamara El Salvador","Maragogipe","El Salvador"
"C1286","Mexico Finca Kassandra Pacamara","Bourbon","Mexico"
"C1286","Mexico Finca Kassandra Pacamara","Pacamara","Mexico"
"C1286","Mexico Finca Kassandra Pacamara","Pacas","Mexico"
"C1286","Mexico Finca Kassandra Pacamara","Heirloom","Mexico"
"C1286","Mexico Finca Kassandra Pacamara","Maragogipe","Mexico"
"C1287","Panama Finca Santa Teresa Honey Geisha","Geisha","Panama"
"C1288","Batista Natural Geisha","Geisha","Panama"
"C1289","Perci N2 Ninety Plus Gesha Estates Panama","Geisha","Panama"
"C1290","Ethiopia Sidama Deri Kochoha","Heirloom","Ethiopia"
"C1291","Kenya Kirinyaga Karimikui Peaberry","SL28","Kenya"
"C1292","Ethiopia Yirgacheffe","Typica","Ethiopia"
"C1293","Panama Auromar Estate “Ironman” Geisha","Geisha","Panama"
"C1295","Honeyed Yellow Caturra","Caturra","Hawaii"
"C1297","Ethiopia Yirgacheffe Kochere Grade 1","Typica","Ethiopia"
"C1298","Colombia Valle del Cauca Cerro Azul Geisha AAA","Geisha","Colombia"
"C1303","Deri Kochoha Ethiopian Sidamo","Heirloom","Ethiopia"
"C1304","Kemgin Ethiopia","Heirloom","Ethiopia"
"C1304","Kemgin Ethiopia","Typica","Ethiopia"
"C1307","Ethiopia Yirgacheffe Kochere G1","Typica","Ethiopia"
"C1308","Maragogype Honey Process","Maragogipe","Hawaii"
"C1309","Ninety Plus Kemgin W2 Ethiopia","Typica","Ethiopia"
"C1312","Geisha S94","Geisha","Panama"
"C1313","Sumatra Mandheling Wahana","Typica","Indonesia"
"C1314","Geisha P.E.B. (RFA)","Geisha","Panama"
"C1316","Ethiopia Yirgacheffe ECX","Typica","Ethiopia"
"C1319","Rwanda Nyamasheke","Heirloom","Rwanda"
"C1319","Rwanda Nyamasheke","Bourbon","Rwanda"
"C1320","Kenya Riakiberu Peaberry","SL28","Kenya"
"C1320","Kenya Riakiberu Peaberry","Bourbon","Kenya"
"C1321","Ethiopia Ninety Plus Kemgin","Heirloom","Ethiopia"
"C1321","Ethiopia Ninety Plus Kemgin","Typica","Ethiopia"
"C1322","Belekatu Ethiopia Yirgacheffe","Typica","Ethiopia"
"C1323","Yukro Ethiopia","Heirloom","Ethiopia"
"C1325","Rutana Burundi Espresso","Heirloom","Burundi"
"C1325","Rutana Burundi Espresso","Bourbon","Burundi"
"C1326","La Esmeralda Mario Carnaval 2012 Panama","Geisha","Panama"
"C1327","Sumatra Wahana Natural","Typica","Indonesia"
"C1328","Kenya Mukurweini Kamuchuni AA","Bourbon","Kenya"
"C1328","Kenya Mukurweini Kamuchuni AA","Ruiru 11","Kenya"
"C1330","Washed Yirgacheffe","Typica","Ethiopia"
"C1331","Ninety Plus Sillvia SK L95","Geisha","Panama"
"C1332","Yirgacheffe Belekatu","Typica","Ethiopia"
"C1333","Mexico Santa Teresa BCS 02: Cabernet Franc Barrel","Pacas","Mexico"
"C1333","Mexico Santa Teresa BCS 02: Cabernet Franc Barrel","Mundo Novo","Mexico"
"C1334","Yirgacheffe Blue Nile","Typica","Ethiopia"
"C1335","Ethiopia Yirgacheffe Kochere","Typica","Ethiopia"
"C1336","Mario San Jose Geisha","Geisha","Panama"
"C1337","Kenya Kamviu","Bourbon","Kenya"
"C1337","Kenya Kamviu","Ruiru 11","Kenya"
"C1338","Panama La Esmeralda Especial","Geisha","Panama"
"C1340","Rwanda Abakundakawa","Mibirizi","Rwanda"
"C1340","Rwanda Abakundakawa","Heirloom","Rwanda"
"C1340","Rwanda Abakundakawa","Bourbon","Rwanda"
"C1342","Panama Don Pachi Natural Geisha","Geisha","Panama"
"C1343","Finca El Injerto Patagonia, Guatemala","Bourbon","Guatemala"
"C1343","Finca El Injerto Patagonia, Guatemala","Pacamara","Guatemala"
"C1343","Finca El Injerto Patagonia, Guatemala","Pacas","Guatemala"
"C1343","Finca El Injerto Patagonia, Guatemala","Heirloom","Guatemala"
"C1343","Finca El Injerto Patagonia, Guatemala","Maragogipe","Guatemala"
"C1344","Colombia Geisha","Geisha","Colombia"
"C1345","Colombia La Esperanza Cerro Azul Geisha","Geisha","Colombia"
"C1346","Ethiopia Washed Yirgacheffe Aroma Roast","Typica","Ethiopia"
"C1347","Bourbon Duets","Heirloom","Not disclosed"
"C1347","Bourbon Duets","Bourbon","Not disclosed"
"C1348","Lycello Panama Gesha","Geisha","Panama"
"C1349","Karatu Kenya AA","SL28","Kenya"
"C1349","Karatu Kenya AA","Bourbon","Kenya"
"C1349","Karatu Kenya AA","SL34","Kenya"
"C1350","Kenya Mamuto","SL28","Kenya"
"C1350","Kenya Mamuto","Bourbon","Kenya"
"C1350","Kenya Mamuto","SL34","Kenya"
"C1351","Kenya Thunguri – Top Auction Lot","Bourbon","Kenya"
"C1351","Kenya Thunguri – Top Auction Lot","Ruiru 11","Kenya"
"C1352","Kenya Nyeri AA Tegu","SL28","Kenya"
"C1352","Kenya Nyeri AA Tegu","Bourbon","Kenya"
"C1353","Panama Gesha Estates: Perci Estate 29 Natural","Geisha","Panama"
"C1356","Roastmaster’s Reserve Esmeralda","Geisha","Panama"
"C1357","Panama Don Pachi Natural Geisha","Geisha","Panama"
"C1358","Ethiopia Nanno Challa Cooperative","Heirloom","Ethiopia"
"C1359","Esmeralda Leon, Panama Geisha Auction Lot","Geisha","Panama"
"C1360","Panama Don Pachi Natural Geisha","Geisha","Panama"
"C1363","Kona Maragogipe Honey S.O. Espresso","Maragogipe","Hawaii"
"C1366","Colombia Finca Villa Loyola","Caturra","Colombia"
"C1367","El Vergel Guatemala","Heirloom","Guatemala"
"C1367","El Vergel Guatemala","Bourbon","Guatemala"
"C1368","Kenya Nyeri AA Gaturiri","Bourbon","Kenya"
"C1372","El Salvador Santa Rita","Heirloom","El Salvador"
"C1372","El Salvador Santa Rita","Bourbon","El Salvador"
"C1374","Ethiopia Yirgacheffe Gedeo Worka Fair Trade Organic Certified","Typica","Ethiopia"
"C1375","Rusty’s Hawaiian Red Caturra Natural","Caturra","Hawaii"
"C1376","Guatemala El Injerto Pacamara","Bourbon","Guatemala"
"C1376","Guatemala El Injerto Pacamara","Pacamara","Guatemala"
"C1376","Guatemala El Injerto Pacamara","Pacas","Guatemala"
"C1376","Guatemala El Injerto Pacamara","Heirloom","Guatemala"
"C1376","Guatemala El Injerto Pacamara","Maragogipe","Guatemala"
"C1377","Colombia Granja La Esperanza Geisha","Geisha","Colombia"
"C1378","Honey Pot Espresso","Catuai","Panama"
"C1378","Honey Pot Espresso","Bourbon","Panama"
"C1378","Honey Pot Espresso","Typica","Panama"
"C1379","Guatemala El Diamante","Heirloom","Guatemala"
"C1379","Guatemala El Diamante","Bourbon","Guatemala"
"C1380","Mocha Java","Java","Indonesia"
"C1381","Guatemala Pandora Pacamara Medium-Light Roast","Bourbon","Guatemala"
"C1381","Guatemala Pandora Pacamara Medium-Light Roast","Pacamara","Guatemala"
"C1381","Guatemala Pandora Pacamara Medium-Light Roast","Pacas","Guatemala"
"C1381","Guatemala Pandora Pacamara Medium-Light Roast","Heirloom","Guatemala"
"C1381","Guatemala Pandora Pacamara Medium-Light Roast","Maragogipe","Guatemala"
"C1382","Panama Geisha Aroma Roast","Geisha","Panama"
"C1384","Kenya Nyeri AB Gichatha-ini Signature Series","Bourbon","Kenya"
"C1387","El Salvador Nombre de Dios","Heirloom","El Salvador"
"C1387","El Salvador Nombre de Dios","Bourbon","El Salvador"
"C1389","Panama Elida Estate Natural Process","Catuai","Panama"
"C1389","Panama Elida Estate Natural Process","Typica","Panama"
"C1391","Kenya Karinga","Bourbon","Kenya"
"C1391","Kenya Karinga","Ruiru 11","Kenya"
"C1392","Kenya Kiandu","SL28","Kenya"
"C1392","Kenya Kiandu","Bourbon","Kenya"
"C1392","Kenya Kiandu","SL34","Kenya"
"C1393","Kenya Karatu AA","SL28","Kenya"
"C1393","Kenya Karatu AA","Bourbon","Kenya"
"C1393","Kenya Karatu AA","SL34","Kenya"
"C1394","Kenya Giakanja","SL28","Kenya"
"C1394","Kenya Giakanja","Bourbon","Kenya"
"C1394","Kenya Giakanja","SL34","Kenya"
"C1395","Kenya AA Kiaora Estate Full City Roast","Heirloom","Kenya"
"C1395","Kenya AA Kiaora Estate Full City Roast","Bourbon","Kenya"
"C1396","Kenya Kirinyaga Kii Peaberry Espresso","Bourbon","Kenya"
"C1400","Costa Rica Micro Lot “Pepe” Honey Processed","Catuai","Costa Rica"
"C1401","Panama Gesha 2011","Geisha","Panama"
"C1403","Kenya Gethembwini","SL28","Kenya"
"C1403","Kenya Gethembwini","Bourbon","Kenya"
"C1403","Kenya Gethembwini","SL34","Kenya"
"C1404","Ibonia Kenya Peaberry","Bourbon","Kenya"
"C1405","Colombia Finca Cerro Azul","Geisha","Colombia"
"C1406","El Patron Nicaragua Espresso","Heirloom","Nicaragua"
"C1406","El Patron Nicaragua Espresso","Bourbon","Nicaragua"
"C1409","Kenya Ndiara","SL28","Kenya"
"C1409","Kenya Ndiara","Bourbon","Kenya"
"C1410","Guatemala La Conception","Heirloom","Guatemala"
"C1410","Guatemala La Conception","Bourbon","Guatemala"
"C1414","El Salvador La Montana Pacamara","Bourbon","El Salvador"
"C1414","El Salvador La Montana Pacamara","Pacamara","El Salvador"
"C1414","El Salvador La Montana Pacamara","Pacas","El Salvador"
"C1414","El Salvador La Montana Pacamara","Heirloom","El Salvador"
"C1414","El Salvador La Montana Pacamara","Maragogipe","El Salvador"
"C1419","Ethiopia Konga Co-op Yirgacheffe","Typica","Ethiopia"
"C1423","Panama Mama Cata Geisha","Geisha","Panama"
"C1424","El Salvador Pacamara Finca Los Alpes The Bank","Bourbon","El Salvador"
"C1424","El Salvador Pacamara Finca Los Alpes The Bank","Pacamara","El Salvador"
"C1424","El Salvador Pacamara Finca Los Alpes The Bank","Pacas","El Salvador"
"C1424","El Salvador Pacamara Finca Los Alpes The Bank","Heirloom","El Salvador"
"C1424","El Salvador Pacamara Finca Los Alpes The Bank","Maragogipe","El Salvador"
"C1429","Guatemala Hunapu Antigua Bourbon","Heirloom","Guatemala"
"C1429","Guatemala Hunapu Antigua Bourbon","Bourbon","Guatemala"
"C1430","Kenya Bourbon French Mission","Bourbon","Kenya"
"C1432","El Salvador Pacamara Finca Los Alpes Tierra Fertil","Bourbon","El Salvador"
"C1432","El Salvador Pacamara Finca Los Alpes Tierra Fertil","Pacamara","El Salvador"
"C1432","El Salvador Pacamara Finca Los Alpes Tierra Fertil","Pacas","El Salvador"
"C1432","El Salvador Pacamara Finca Los Alpes Tierra Fertil","Heirloom","El Salvador"
"C1432","El Salvador Pacamara Finca Los Alpes Tierra Fertil","Maragogipe","El Salvador"
"C1433","Panama Esmeralda Mario Carnival","Geisha","Panama"
"C1434","Panama La Esmeralda Especial Mario San Jose","Geisha","Panama"
"C1435","Mocha Java Espresso","Java","Ethiopia"
"C1446","Sulawesi Toraja","Typica","Indonesia"
"C1448","Romance by Paradise","Java","Indonesia"
"C1454","La Esmeralda","Geisha","Panama"
"C1456","Panama Elida Estate Natural","Typica","Panama"
"C1458","Hacienda La Esmeralda Special Mario Carnaval","Geisha","Panama"
"C1459","Panama El Burro Estate","Geisha","Panama"
"C1460","Ka’u Bourbon","Caturra","Hawaii"
"C1460","Ka’u Bourbon","Bourbon","Hawaii"
"C1460","Ka’u Bourbon","Typica","Hawaii"
"C1462","Burundi Kinyovu","Mibirizi","Burundi"
"C1462","Burundi Kinyovu","Heirloom","Burundi"
"C1462","Burundi Kinyovu","Bourbon","Burundi"
"C1465","Romance by Paradise","Java","Yemen"
"C1468","Kenya Ndiara Full Flavor Roast","Bourbon","Kenya"
"C1473","El Salvador Finca Kilimanjaro","SL28","El Salvador"
"C1474","El Salvador Finca Siberia Pacamara","Bourbon","El Salvador"
"C1474","El Salvador Finca Siberia Pacamara","Pacamara","El Salvador"
"C1474","El Salvador Finca Siberia Pacamara","Pacas","El Salvador"
"C1474","El Salvador Finca Siberia Pacamara","Heirloom","El Salvador"
"C1474","El Salvador Finca Siberia Pacamara","Maragogipe","El Salvador"
"C1475","Panama Esmeralda Especial","Geisha","Panama"
"C1476","La Esmeralda Panama","Geisha","Panama"
"C1477","Panama Esmeralda Lot 9","Geisha","Panama"
"C1480","El Salvador Pacamara Tierra Fertil Los Alpes Reserva","Bourbon","El Salvador"
"C1480","El Salvador Pacamara Tierra Fertil Los Alpes Reserva","Pacamara","El Salvador"
"C1480","El Salvador Pacamara Tierra Fertil Los Alpes Reserva","Pacas","El Salvador"
"C1480","El Salvador Pacamara Tierra Fertil Los Alpes Reserva","Heirloom","El Salvador"
"C1480","El Salvador Pacamara Tierra Fertil Los Alpes Reserva","Maragogipe","El Salvador"
"C1488","Guatemala El Injerto","Bourbon","Guatemala"
"C1495","Hacienda La Esmeralda","Geisha","Panama"
"C1499","Esmeralda Especial Best of Panama","Geisha","Panama"
"C1500","Esmeralda Especial Panama","Geisha","Panama"
"C1503","Panama Hacienda La Esmeralda Gesha","Geisha","Panama"
"C1511","El Salvador Los Planes Cup of Excellence 2006","Pacamara","El Salvador"
"C1511","El Salvador Los Planes Cup of Excellence 2006","Pacas","El Salvador"
"C1511","El Salvador Los Planes Cup of Excellence 2006","Maragogipe","El Salvador"
"C1511","El Salvador Los Planes Cup of Excellence 2006","Bourbon","El Salvador"
"C1518","Colombia Hato Viejo Cup of Excellence","Caturra","Colombia"
"C1520","El Salvador Los Planes Pacamara","Pacamara","El Salvador"
"C1520","El Salvador Los Planes Pacamara","Pacas","El Salvador"
"C1520","El Salvador Los Planes Pacamara","Maragogipe","El Salvador"
"C1520","El Salvador Los Planes Pacamara","Bourbon","El Salvador"
"C1521","El Salvador Pacamara Los Planes","Pacamara","El Salvador"
"C1521","El Salvador Pacamara Los Planes","Pacas","El Salvador"
"C1521","El Salvador Pacamara Los Planes","Maragogipe","El Salvador"
"C1521","El Salvador Pacamara Los Planes","Bourbon","El Salvador"
"C1522","Panama Esmeralda Especial","Geisha","Panama"
"C1522","Panama Esmeralda Especial","Typica","Panama"
"C1523","Nicaragua El Progresso COE Lot #1","Caturra","Nicaragua"
"C1523","Nicaragua El Progresso COE Lot #1","Catuai","Nicaragua"
"C1533","Panama Auromar Geisha Natural Peaberry","Geisha","Panama"
"C1534","El Burro Geisha Tachi Natural","Geisha","Panama"
"C1535","Holiday Blend","Heirloom","Kenya"
"C1535","Holiday Blend","Heirloom","Ethiopia"
"C1535","Holiday Blend","Typica","Kenya"
"C1535","Holiday Blend","Typica","Ethiopia"
"C1536","Holiday Blend","Pacamara","Ethiopia"
"C1536","Holiday Blend","Pacamara","Guatemala"
"C1537","Nicaragua Pacamara Los Congos Lot #8","Bourbon","Nicaragua"
"C1537","Nicaragua Pacamara Los Congos Lot #8","Pacamara","Nicaragua"
"C1537","Nicaragua Pacamara Los Congos Lot #8","Pacas","Nicaragua"
"C1537","Nicaragua Pacamara Los Congos Lot #8","Heirloom","Nicaragua"
"C1537","Nicaragua Pacamara Los Congos Lot #8","Maragogipe","Nicaragua"
"C1538","Panama Boquete Kotowa Gesha Natural","Geisha","Panama"
"C1540","Panama Finca Auromar Camilina Natural","Geisha","Panama"
"C1543","Panama Finca Deborah Caturra Natural","Caturra","Panama"
"C1545","Panama La Esmeralda Bosque Lot 1 Gesha","Geisha","Panama"
"C1546","Finca La Mula Panama Geisha Natural","Geisha","Panama"
"C1547","La Lagunita El Salvador","Heirloom","El Salvador"
"C1547","La Lagunita El Salvador","Bourbon","El Salvador"
"C1548","Costa Rica Alberto Guardia Venecia Honey","Venecia","Costa Rica"
"C1549","Nicaragua Cafe Vidita Los Congos Pacamara Natural","Bourbon","Nicaragua"
"C1549","Nicaragua Cafe Vidita Los Congos Pacamara Natural","Pacamara","Nicaragua"
"C1549","Nicaragua Cafe Vidita Los Congos Pacamara Natural","Pacas","Nicaragua"
"C1549","Nicaragua Cafe Vidita Los Congos Pacamara Natural","Heirloom","Nicaragua"
"C1549","Nicaragua Cafe Vidita Los Congos Pacamara Natural","Maragogipe","Nicaragua"
"C1551","Guatemala San Sebastian Natural","Bourbon","Guatemala"
"C1551","Guatemala San Sebastian Natural","Pacamara","Guatemala"
"C1551","Guatemala San Sebastian Natural","Pacas","Guatemala"
"C1551","Guatemala San Sebastian Natural","Heirloom","Guatemala"
"C1551","Guatemala San Sebastian Natural","Maragogipe","Guatemala"
"C1553","Ethiopia Kochere Espresso Profile","Typica","Ethiopia"
"C1558","Fully Washed Ethiopia Phoenix Special “Dr. Evil”","Typica","Ethiopia"
"C1559","Sulawesi “Tanah Kebangkitan” Phoenix Special Espresso","Typica","Indonesia"
"C1561","Panama Elida Natural Lot #13","Catuai","Panama"
"C1565","Panama Altieri Natural Geisha","Geisha","Panama"
"C1567","Kemgin Ninety Plus","Typica","Ethiopia"
